Workbook

Sheet Official data
A1: Operator | B1: To include in ranking?
A2: {=_xlfn._xlws.SORT(_xlfn.UNIQUE(Summary!C2:C2363))} -> Ceske Drahy | B2: No (partial data) | D2: {=_xlfn._xlws.FILTER(_xlfn.ANCHORARRAY(A2),B2:B28="yes")} -> DB | E2: done
A3: CFL | B3: No (partial data) | D3: Eurostar | E3: done
A4: CFR | B4: No (partial data) | D4: Flixtrain | E4: no official data
A5: DB | B5: Yes | D5: NS | E5: done (but they do pax pctlity)
A6: DSB | B6: No (partial data) | D6: OEBB | E6: done
A7: European Sleeper | B7: No (night train) | D7: Ouigo | E7: done
A8: Eurostar | B8: Yes | D8: SBB | E8: done
A9: Flixtrain | B9: Yes | D9: SNCB | E9: done
A10: HZ | B10: No (partial data) | D10: SNCF | E10: done
A11: MAV | B11: No (partial data) | D11: Trenitalia
A12: NS | B12: Yes | D12: Trenitalia France
A13: OEBB | B13: Yes | D13: Westbahn
A14: Other CH operators | B14: No (out of scope)
A15: Ouigo | B15: Yes
A16: Panorama Express | B16: No (out of scope)
A17: PKP | B17: No (partial data)
A18: SBB | B18: Yes
A19: SJ | B19: No (partial data)
A20: SNCB | B20: Yes
A21: SNCF | B21: Yes
A22: SZ | B22: No (partial data)
A23: Trenitalia | B23: Yes
A24: Trenitalia France | B24: Yes
A25: UNKNOWN_OPERATOR | B25: NAN
... A28: ZSSK | B28: No (partial data)

Sheet Pivot table
A2: Journey type | B2: (Multiple Items)
A3: Long distance | B3: Yes
L4: Sum of N train delay (> 3 min) | M4: Sum of N train delay (> 5 min) | N4: Sum of N train delay (> 6 min) | O4: Sum of N train delay (> 10 min) | P4: Sum of N train delay (> 15 min) | Q4: Sum of N train delay (> 30 min) | R4: Sum of N train delay (> 60 min)
A5: Row Labels | B5: Sum of N total train | C5: Sum of N cancelled train (full + partial) | D5: Sum of N train delay (> 3 min) | E5: Sum of N train delay (> 5 min) | F5: Sum of N train delay (> 6 min) | G5: Sum of N train delay (> 10 min) | H5: Sum of N train delay (> 15 min) | I5: Sum of N train delay (> 30 min) | J5: Sum of N train delay (> 60 min) | K5: Cancellation rate | L5: Reliability 3min | M5: Reliability 5min | N5: Reliability 6min | O5: Reliability 10min | P5: Reliability 15min | Q5: Reliability 30min | R5: Reliability 60min
A6: Ceske Drahy | B6: 9380 | C6: 21 | D6: 2707 | E6: 2385 | F6: 2246 | G6: 1740 | H6: 1355 | I6: 720 | J6: 280 | K6: =GETPIVOTDATA("Sum of N cancelled train (full + partial)",$A$5,"operator",$A6)/GETPIVOTDATA("Sum of N total train",$A$5,"operator",$A6) -> 0.002238806 | L6: =1-(GETPIVOTDATA("Sum of N cancelled train (full + partial)",$A$5,"operator",$A6)+GETPIVOTDATA(L$4&"",$A$5,"operator",$A6))/GETPIVOTDATA("Sum of N total train",$A$5,"operator",$A6) -> 0.70916844 | M6: =1-(GETPIVOTDATA("Sum of N cancelled train (full + partial)",$A$5,"operator",$A6)+GETPIVOTDATA(M$4&"",$A$5,"operator",$A6))/GETPIVOTDATA("Sum of N total train",$A$5,"operator",$A6) -> 0.7434968 | N6: =1-(GETPIVOTDATA("Sum of N cancelled train (full + partial)",$A$5,"operator",$A6)+GETPIVOTDATA(N$4&"",$A$5,"operator",$A6))/GETPIVOTDATA("Sum of N total train",$A$5,"operator",$A6) -> 0.75831557 | O6: =1-(GETPIVOTDATA("Sum of N cancelled train (full + partial)",$A$5,"operator",$A6)+GETPIVOTDATA(O$4&"",$A$5,"operator",$A6))/GETPIVOTDATA("Sum of N total train",$A$5,"operator",$A6) -> 0.81226013 | P6: =1-(GETPIVOTDATA("Sum of N cancelled train (full + partial)",$A$5,"operator",$A6)+GETPIVOTDATA(P$4&"",$A$5,"operator",$A6))/GETPIVOTDATA("Sum of N total train",$A$5,"operator",$A6) -> 0.8533049 | Q6: =1-(GETPIVOTDATA("Sum of N cancelled train (full + partial)",$A$5,"operator",$A6)+GETPIVOTDATA(Q$4&"",$A$5,"operator",$A6))/GETPIVOTDATA("Sum of N total train",$A$5,"operator",$A6) -> 0.92100213 | R6: =1-(GETPIVOTDATA("Sum of N cancelled train (full + partial)",$A$5,"operator",$A6)+GETPIVOTDATA(R$4&"",$A$5,"operator",$A6))/GETPIVOTDATA("Sum of N total train",$A$5,"operator",$A6) -> 0.96791045
A7: CFL | B7: 14719 | C7: 180 | D7: 1742 | E7: 958 | F7: 791 | G7: 502 | H7: 323 | I7: 106 | J7: 15 | K7: =GETPIVOTDATA("Sum of N cancelled train (full + partial)",$A$5,"operator",$A7)/GETPIVOTDATA("Sum of N total train",$A$5,"operator",$A7) -> 0.012229092 | L7: =1-(GETPIVOTDATA("Sum of N cancelled train (full + partial)",$A$5,"operator",$A7)+GETPIVOTDATA(L$4&"",$A$5,"operator",$A7))/GETPIVOTDATA("Sum of N total train",$A$5,"operator",$A7) -> 0.86942048 | M7: =1-(GETPIVOTDATA("Sum of N cancelled train (full + partial)",$A$5,"operator",$A7)+GETPIVOTDATA(M$4&"",$A$5,"operator",$A7))/GETPIVOTDATA("Sum of N total train",$A$5,"operator",$A7) -> 0.92268497 | N7: =1-(GETPIVOTDATA("Sum of N cancelled train (full + partial)",$A$5,"operator",$A7)+GETPIVOTDATA(N$4&"",$A$5,"operator",$A7))/GETPIVOTDATA("Sum of N total train",$A$5,"operator",$A7) -> 0.93403084 | O7: =1-(GETPIVOTDATA("Sum of N cancelled train (full + partial)",$A$5,"operator",$A7)+GETPIVOTDATA(O$4&"",$A$5,"operator",$A7))/GETPIVOTDATA("Sum of N total train",$A$5,"operator",$A7) -> 0.95366533 | P7: =1-(GETPIVOTDATA("Sum of N cancelled train (full + partial)",$A$5,"operator",$A7)+GETPIVOTDATA(P$4&"",$A$5,"operator",$A7))/GETPIVOTDATA("Sum of N total train",$A$5,"operator",$A7) -> 0.96582648 | Q7: =1-(GETPIVOTDATA("Sum of N cancelled train (full + partial)",$A$5,"operator",$A7)+GETPIVOTDATA(Q$4&"",$A$5,"operator",$A7))/GETPIVOTDATA("Sum of N total train",$A$5,"operator",$A7) -> 0.98056933 | R7: =1-(GETPIVOTDATA("Sum of N cancelled train (full + partial)",$A$5,"operator",$A7)+GETPIVOTDATA(R$4&"",$A$5,"operator",$A7))/GETPIVOTDATA("Sum of N total train",$A$5,"operator",$A7) -> 0.98675182
A8: CFR | B8: 7 | C8: 0 | D8: 0 | E8: 0 | F8: 0 | G8: 0 | H8: 0 | I8: 0 | J8: 0 | K8: =GETPIVOTDATA("Sum of N cancelled train (full + partial)",$A$5,"operator",$A8)/GETPIVOTDATA("Sum of N total train",$A$5,"operator",$A8) -> 0 | L8: =1-(GETPIVOTDATA("Sum of N cancelled train (full + partial)",$A$5,"operator",$A8)+GETPIVOTDATA(L$4&"",$A$5,"operator",$A8))/GETPIVOTDATA("Sum of N total train",$A$5,"operator",$A8) -> 1 | M8: =1-(GETPIVOTDATA("Sum of N cancelled train (full + partial)",$A$5,"operator",$A8)+GETPIVOTDATA(M$4&"",$A$5,"operator",$A8))/GETPIVOTDATA("Sum of N total train",$A$5,"operator",$A8) -> 1 | N8: =1-(GETPIVOTDATA("Sum of N cancelled train (full + partial)",$A$5,"operator",$A8)+GETPIVOTDATA(N$4&"",$A$5,"operator",$A8))/GETPIVOTDATA("Sum of N total train",$A$5,"operator",$A8) -> 1 | O8: =1-(GETPIVOTDATA("Sum of N cancelled train (full + partial)",$A$5,"operator",$A8)+GETPIVOTDATA(O$4&"",$A$5,"operator",$A8))/GETPIVOTDATA("Sum of N total train",$A$5,"operator",$A8) -> 1 | P8: =1-(GETPIVOTDATA("Sum of N cancelled train (full + partial)",$A$5,"operator",$A8)+GETPIVOTDATA(P$4&"",$A$5,"operator",$A8))/GETPIVOTDATA("Sum of N total train",$A$5,"operator",$A8) -> 1 | Q8: =1-(GETPIVOTDATA("Sum of N cancelled train (full + partial)",$A$5,"operator",$A8)+GETPIVOTDATA(Q$4&"",$A$5,"operator",$A8))/GETPIVOTDATA("Sum of N total train",$A$5,"operator",$A8) -> 1 | R8: =1-(GETPIVOTDATA("Sum of N cancelled train (full + partial)",$A$5,"operator",$A8)+GETPIVOTDATA(R$4&"",$A$5,"operator",$A8))/GETPIVOTDATA("Sum of N total train",$A$5,"operator",$A8) -> 1
A9: DB | B9: 345877 | C9: 37629 | D9: 196709 | E9: 169753 | F9: 159285 | G9: 126488 | H9: 98685 | I9: 50551 | J9: 15923 | K9: =GETPIVOTDATA("Sum of N cancelled train (full + partial)",$A$5,"operator",$A9)/GETPIVOTDATA("Sum of N total train",$A$5,"operator",$A9) -> 0.10879301 | L9: =1-(GETPIVOTDATA("Sum of N cancelled train (full + partial)",$A$5,"operator",$A9)+GETPIVOTDATA(L$4&"",$A$5,"operator",$A9))/GETPIVOTDATA("Sum of N total train",$A$5,"operator",$A9) -> 0.32248169 | M9: =1-(GETPIVOTDATA("Sum of N cancelled train (full + partial)",$A$5,"operator",$A9)+GETPIVOTDATA(M$4&"",$A$5,"operator",$A9))/GETPIVOTDATA("Sum of N total train",$A$5,"operator",$A9) -> 0.40041691 | N9: =1-(GETPIVOTDATA("Sum of N cancelled train (full + partial)",$A$5,"operator",$A9)+GETPIVOTDATA(N$4&"",$A$5,"operator",$A9))/GETPIVOTDATA("Sum of N total train",$A$5,"operator",$A9) -> 0.43068201 | O9: =1-(GETPIVOTDATA("Sum of N cancelled train (full + partial)",$A$5,"operator",$A9)+GETPIVOTDATA(O$4&"",$A$5,"operator",$A9))/GETPIVOTDATA("Sum of N total train",$A$5,"operator",$A9) -> 0.52550473 | P9: =1-(GETPIVOTDATA("Sum of N cancelled train (full + partial)",$A$5,"operator",$A9)+GETPIVOTDATA(P$4&"",$A$5,"operator",$A9))/GETPIVOTDATA("Sum of N total train",$A$5,"operator",$A9) -> 0.6058888 | Q9: =1-(GETPIVOTDATA("Sum of N cancelled train (full + partial)",$A$5,"operator",$A9)+GETPIVOTDATA(Q$4&"",$A$5,"operator",$A9))/GETPIVOTDATA("Sum of N total train",$A$5,"operator",$A9) -> 0.74505388 | R9: =1-(GETPIVOTDATA("Sum of N cancelled train (full + partial)",$A$5,"operator",$A9)+GETPIVOTDATA(R$4&"",$A$5,"operator",$A9))/GETPIVOTDATA("Sum of N total train",$A$5,"operator",$A9) -> 0.84517039
A10: DSB | B10: 5903 | C10: 48 | D10: 1397 | E10: 904 | F10: 781 | G10: 500 | H10: 351 | I10: 190 | J10: 105 | K10: =GETPIVOTDATA("Sum of N cancelled train (full + partial)",$A$5,"operator",$A10)/GETPIVOTDATA("Sum of N total train",$A$5,"operator",$A10) -> 0.0081314586 | L10: =1-(GETPIVOTDATA("Sum of N cancelled train (full + partial)",$A$5,"operator",$A10)+GETPIVOTDATA(L$4&"",$A$5,"operator",$A10))/GETPIVOTDATA("Sum of N total train",$A$5,"operator",$A10) -> 0.75520922 | M10: =1-(GETPIVOTDATA("Sum of N cancelled train (full + partial)",$A$5,"operator",$A10)+GETPIVOTDATA(M$4&"",$A$5,"operator",$A10))/GETPIVOTDATA("Sum of N total train",$A$5,"operator",$A10) -> 0.83872607 | N10: =1-(GETPIVOTDATA("Sum of N cancelled train (full + partial)",$A$5,"operator",$A10)+GETPIVOTDATA(N$4&"",$A$5,"operator",$A10))/GETPIVOTDATA("Sum of N total train",$A$5,"operator",$A10) -> 0.85956293 | O10: =1-(GETPIVOTDATA("Sum of N cancelled train (full + partial)",$A$5,"operator",$A10)+GETPIVOTDATA(O$4&"",$A$5,"operator",$A10))/GETPIVOTDATA("Sum of N total train",$A$5,"operator",$A10) -> 0.90716585 | P10: =1-(GETPIVOTDATA("Sum of N cancelled train (full + partial)",$A$5,"operator",$A10)+GETPIVOTDATA(P$4&"",$A$5,"operator",$A10))/GETPIVOTDATA("Sum of N total train",$A$5,"operator",$A10) -> 0.93240725 | Q10: =1-(GETPIVOTDATA("Sum of N cancelled train (full + partial)",$A$5,"operator",$A10)+GETPIVOTDATA(Q$4&"",$A$5,"operator",$A10))/GETPIVOTDATA("Sum of N total train",$A$5,"operator",$A10) -> 0.95968152 | R10: =1-(GETPIVOTDATA("Sum of N cancelled train (full + partial)",$A$5,"operator",$A10)+GETPIVOTDATA(R$4&"",$A$5,"operator",$A10))/GETPIVOTDATA("Sum of N total train",$A$5,"operator",$A10) -> 0.97408098
A11: European Sleeper | B11: 308 | C11: 28 | D11: 121 | E11: 114 | F11: 107 | G11: 97 | H11: 83 | I11: 63 | J11: 28 | K11: =GETPIVOTDATA("Sum of N cancelled train (full + partial)",$A$5,"operator",$A11)/GETPIVOTDATA("Sum of N total train",$A$5,"operator",$A11) -> 0.090909091 | L11: =1-(GETPIVOTDATA("Sum of N cancelled train (full + partial)",$A$5,"operator",$A11)+GETPIVOTDATA(L$4&"",$A$5,"operator",$A11))/GETPIVOTDATA("Sum of N total train",$A$5,"operator",$A11) -> 0.51623377 | M11: =1-(GETPIVOTDATA("Sum of N cancelled train (full + partial)",$A$5,"operator",$A11)+GETPIVOTDATA(M$4&"",$A$5,"operator",$A11))/GETPIVOTDATA("Sum of N total train",$A$5,"operator",$A11) -> 0.53896104 | N11: =1-(GETPIVOTDATA("Sum of N cancelled train (full + partial)",$A$5,"operator",$A11)+GETPIVOTDATA(N$4&"",$A$5,"operator",$A11))/GETPIVOTDATA("Sum of N total train",$A$5,"operator",$A11) -> 0.56168831 | O11: =1-(GETPIVOTDATA("Sum of N cancelled train (full + partial)",$A$5,"operator",$A11)+GETPIVOTDATA(O$4&"",$A$5,"operator",$A11))/GETPIVOTDATA("Sum of N total train",$A$5,"operator",$A11) -> 0.59415584 | P11: =1-(GETPIVOTDATA("Sum of N cancelled train (full + partial)",$A$5,"operator",$A11)+GETPIVOTDATA(P$4&"",$A$5,"operator",$A11))/GETPIVOTDATA("Sum of N total train",$A$5,"operator",$A11) -> 0.63961039 | Q11: =1-(GETPIVOTDATA("Sum of N cancelled train (full + partial)",$A$5,"operator",$A11)+GETPIVOTDATA(Q$4&"",$A$5,"operator",$A11))/GETPIVOTDATA("Sum of N total train",$A$5,"operator",$A11) -> 0.70454545 | R11: =1-(GETPIVOTDATA("Sum of N cancelled train (full + partial)",$A$5,"operator",$A11)+GETPIVOTDATA(R$4&"",$A$5,"operator",$A11))/GETPIVOTDATA("Sum of N total train",$A$5,"operator",$A11) -> 0.81818182
A12: Eurostar | B12: 42665 | C12: 4389 | D12: 11014 | E12: 10840 | F12: 10763 | G12: 8043 | H12: 6451 | I12: 3044 | J12: 1068 | K12: =GETPIVOTDATA("Sum of N cancelled train (full + partial)",$A$5,"operator",$A12)/GETPIVOTDATA("Sum of N total train",$A$5,"operator",$A12) -> 0.10287121 | L12: =1-(GETPIVOTDATA("Sum of N cancelled train (full + partial)",$A$5,"operator",$A12)+GETPIVOTDATA(L$4&"",$A$5,"operator",$A12))/GETPIVOTDATA("Sum of N total train",$A$5,"operator",$A12) -> 0.63897809 | M12: =1-(GETPIVOTDATA("Sum of N cancelled train (full + partial)",$A$5,"operator",$A12)+GETPIVOTDATA(M$4&"",$A$5,"operator",$A12))/GETPIVOTDATA("Sum of N total train",$A$5,"operator",$A12) -> 0.64305637 | N12: =1-(GETPIVOTDATA("Sum of N cancelled train (full + partial)",$A$5,"operator",$A12)+GETPIVOTDATA(N$4&"",$A$5,"operator",$A12))/GETPIVOTDATA("Sum of N total train",$A$5,"operator",$A12) -> 0.64486113 | O12: =1-(GETPIVOTDATA("Sum of N cancelled train (full + partial)",$A$5,"operator",$A12)+GETPIVOTDATA(O$4&"",$A$5,"operator",$A12))/GETPIVOTDATA("Sum of N total train",$A$5,"operator",$A12) -> 0.70861362 | P12: =1-(GETPIVOTDATA("Sum of N cancelled train (full + partial)",$A$5,"operator",$A12)+GETPIVOTDATA(P$4&"",$A$5,"operator",$A12))/GETPIVOTDATA("Sum of N total train",$A$5,"operator",$A12) -> 0.74592758 | Q12: =1-(GETPIVOTDATA("Sum of N cancelled train (full + partial)",$A$5,"operator",$A12)+GETPIVOTDATA(Q$4&"",$A$5,"operator",$A12))/GETPIVOTDATA("Sum of N total train",$A$5,"operator",$A12) -> 0.82578226 | R12: =1-(GETPIVOTDATA("Sum of N cancelled train (full + partial)",$A$5,"operator",$A12)+GETPIVOTDATA(R$4&"",$A$5,"operator",$A12))/GETPIVOTDATA("Sum of N total train",$A$5,"operator",$A12) -> 0.87209657
A13: Flixtrain | B13: 6229 | C13: 476 | D13: 4043 | E13: 3615 | F13: 3453 | G13: 2844 | H13: 2336 | I13: 1363 | J13: 542 | K13: =GETPIVOTDATA("Sum of N cancelled train (full + partial)",$A$5,"operator",$A13)/GETPIVOTDATA("Sum of N total train",$A$5,"operator",$A13) -> 0.07641676 | L13: =1-(GETPIVOTDATA("Sum of N cancelled train (full + partial)",$A$5,"operator",$A13)+GETPIVOTDATA(L$4&"",$A$5,"operator",$A13))/GETPIVOTDATA("Sum of N total train",$A$5,"operator",$A13) -> 0.2745224 | M13: =1-(GETPIVOTDATA("Sum of N cancelled train (full + partial)",$A$5,"operator",$A13)+GETPIVOTDATA(M$4&"",$A$5,"operator",$A13))/GETPIVOTDATA("Sum of N total train",$A$5,"operator",$A13) -> 0.34323326 | N13: =1-(GETPIVOTDATA("Sum of N cancelled train (full + partial)",$A$5,"operator",$A13)+GETPIVOTDATA(N$4&"",$A$5,"operator",$A13))/GETPIVOTDATA("Sum of N total train",$A$5,"operator",$A13) -> 0.36924065 | O13: =1-(GETPIVOTDATA("Sum of N cancelled train (full + partial)",$A$5,"operator",$A13)+GETPIVOTDATA(O$4&"",$A$5,"operator",$A13))/GETPIVOTDATA("Sum of N total train",$A$5,"operator",$A13) -> 0.46700915 | P13: =1-(GETPIVOTDATA("Sum of N cancelled train (full + partial)",$A$5,"operator",$A13)+GETPIVOTDATA(P$4&"",$A$5,"operator",$A13))/GETPIVOTDATA("Sum of N total train",$A$5,"operator",$A13) -> 0.54856317 | Q13: =1-(GETPIVOTDATA("Sum of N cancelled train (full + partial)",$A$5,"operator",$A13)+GETPIVOTDATA(Q$4&"",$A$5,"operator",$A13))/GETPIVOTDATA("Sum of N total train",$A$5,"operator",$A13) -> 0.70476802 | R13: =1-(GETPIVOTDATA("Sum of N cancelled train (full + partial)",$A$5,"operator",$A13)+GETPIVOTDATA(R$4&"",$A$5,"operator",$A13))/GETPIVOTDATA("Sum of N total train",$A$5,"operator",$A13) -> 0.83657088
A14: HZ | B14: 1411 | C14: 11 | D14: 88 | E14: 61 | F14: 54 | G14: 45 | H14: 29 | I14: 23 | J14: 9 | K14: =GETPIVOTDATA("Sum of N cancelled train (full + partial)",$A$5,"operator",$A14)/GETPIVOTDATA("Sum of N total train",$A$5,"operator",$A14) -> 0.0077958894 | L14: =1-(GETPIVOTDATA("Sum of N cancelled train (full + partial)",$A$5,"operator",$A14)+GETPIVOTDATA(L$4&"",$A$5,"operator",$A14))/GETPIVOTDATA("Sum of N total train",$A$5,"operator",$A14) -> 0.929837 | M14: =1-(GETPIVOTDATA("Sum of N cancelled train (full + partial)",$A$5,"operator",$A14)+GETPIVOTDATA(M$4&"",$A$5,"operator",$A14))/GETPIVOTDATA("Sum of N total train",$A$5,"operator",$A14) -> 0.94897236 | N14: =1-(GETPIVOTDATA("Sum of N cancelled train (full + partial)",$A$5,"operator",$A14)+GETPIVOTDATA(N$4&"",$A$5,"operator",$A14))/GETPIVOTDATA("Sum of N total train",$A$5,"operator",$A14) -> 0.95393338 | O14: =1-(GETPIVOTDATA("Sum of N cancelled train (full + partial)",$A$5,"operator",$A14)+GETPIVOTDATA(O$4&"",$A$5,"operator",$A14))/GETPIVOTDATA("Sum of N total train",$A$5,"operator",$A14) -> 0.96031184 | P14: =1-(GETPIVOTDATA("Sum of N cancelled train (full + partial)",$A$5,"operator",$A14)+GETPIVOTDATA(P$4&"",$A$5,"operator",$A14))/GETPIVOTDATA("Sum of N total train",$A$5,"operator",$A14) -> 0.97165131 | Q14: =1-(GETPIVOTDATA("Sum of N cancelled train (full + partial)",$A$5,"operator",$A14)+GETPIVOTDATA(Q$4&"",$A$5,"operator",$A14))/GETPIVOTDATA("Sum of N total train",$A$5,"operator",$A14) -> 0.97590361 | R14: =1-(GETPIVOTDATA("Sum of N cancelled train (full + partial)",$A$5,"operator",$A14)+GETPIVOTDATA(R$4&"",$A$5,"operator",$A14))/GETPIVOTDATA("Sum of N total train",$A$5,"operator",$A14) -> 0.98582566
A15: MAV | B15: 16353 | C15: 17 | D15: 3409 | E15: 2988 | F15: 2774 | G15: 2110 | H15: 1574 | I15: 740 | J15: 200 | K15: =GETPIVOTDATA("Sum of N cancelled train (full + partial)",$A$5,"operator",$A15)/GETPIVOTDATA("Sum of N total train",$A$5,"operator",$A15) -> 0.0010395646 | L15: =1-(GETPIVOTDATA("Sum of N cancelled train (full + partial)",$A$5,"operator",$A15)+GETPIVOTDATA(L$4&"",$A$5,"operator",$A15))/GETPIVOTDATA("Sum of N total train",$A$5,"operator",$A15) -> 0.79049716 | M15: =1-(GETPIVOTDATA("Sum of N cancelled train (full + partial)",$A$5,"operator",$A15)+GETPIVOTDATA(M$4&"",$A$5,"operator",$A15))/GETPIVOTDATA("Sum of N total train",$A$5,"operator",$A15) -> 0.81624167 | N15: =1-(GETPIVOTDATA("Sum of N cancelled train (full + partial)",$A$5,"operator",$A15)+GETPIVOTDATA(N$4&"",$A$5,"operator",$A15))/GETPIVOTDATA("Sum of N total train",$A$5,"operator",$A15) -> 0.82932795 | O15: =1-(GETPIVOTDATA("Sum of N cancelled train (full + partial)",$A$5,"operator",$A15)+GETPIVOTDATA(O$4&"",$A$5,"operator",$A15))/GETPIVOTDATA("Sum of N total train",$A$5,"operator",$A15) -> 0.86993212 | P15: =1-(GETPIVOTDATA("Sum of N cancelled train (full + partial)",$A$5,"operator",$A15)+GETPIVOTDATA(P$4&"",$A$5,"operator",$A15))/GETPIVOTDATA("Sum of N total train",$A$5,"operator",$A15) -> 0.90270898 | Q15: =1-(GETPIVOTDATA("Sum of N cancelled train (full + partial)",$A$5,"operator",$A15)+GETPIVOTDATA(Q$4&"",$A$5,"operator",$A15))/GETPIVOTDATA("Sum of N total train",$A$5,"operator",$A15) -> 0.9537088 | R15: =1-(GETPIVOTDATA("Sum of N cancelled train (full + partial)",$A$5,"operator",$A15)+GETPIVOTDATA(R$4&"",$A$5,"operator",$A15))/GETPIVOTDATA("Sum of N total train",$A$5,"operator",$A15) -> 0.98673026
A16: NS | B16: 492374 | C16: 59374 | D16: 64066 | E16: 38832 | F16: 31818 | G16: 18001 | H16: 9730 | I16: 2574 | J16: 776 | K16: =GETPIVOTDATA("Sum of N cancelled train (full + partial)",$A$5,"operator",$A16)/GETPIVOTDATA("Sum of N total train",$A$5,"operator",$A16) -> 0.1205872 | L16: =1-(GETPIVOTDATA("Sum of N cancelled train (full + partial)",$A$5,"operator",$A16)+GETPIVOTDATA(L$4&"",$A$5,"operator",$A16))/GETPIVOTDATA("Sum of N total train",$A$5,"operator",$A16) -> 0.74929627 | M16: =1-(GETPIVOTDATA("Sum of N cancelled train (full + partial)",$A$5,"operator",$A16)+GETPIVOTDATA(M$4&"",$A$5,"operator",$A16))/GETPIVOTDATA("Sum of N total train",$A$5,"operator",$A16) -> 0.80054593 | N16: =1-(GETPIVOTDATA("Sum of N cancelled train (full + partial)",$A$5,"operator",$A16)+GETPIVOTDATA(N$4&"",$A$5,"operator",$A16))/GETPIVOTDATA("Sum of N total train",$A$5,"operator",$A16) -> 0.8147912 | O16: =1-(GETPIVOTDATA("Sum of N cancelled train (full + partial)",$A$5,"operator",$A16)+GETPIVOTDATA(O$4&"",$A$5,"operator",$A16))/GETPIVOTDATA("Sum of N total train",$A$5,"operator",$A16) -> 0.8428532 | P16: =1-(GETPIVOTDATA("Sum of N cancelled train (full + partial)",$A$5,"operator",$A16)+GETPIVOTDATA(P$4&"",$A$5,"operator",$A16))/GETPIVOTDATA("Sum of N total train",$A$5,"operator",$A16) -> 0.8596514 | Q16: =1-(GETPIVOTDATA("Sum of N cancelled train (full + partial)",$A$5,"operator",$A16)+GETPIVOTDATA(Q$4&"",$A$5,"operator",$A16))/GETPIVOTDATA("Sum of N total train",$A$5,"operator",$A16) -> 0.87418507 | R16: =1-(GETPIVOTDATA("Sum of N cancelled train (full + partial)",$A$5,"operator",$A16)+GETPIVOTDATA(R$4&"",$A$5,"operator",$A16))/GETPIVOTDATA("Sum of N total train",$A$5,"operator",$A16) -> 0.87783677
A17: OEBB | B17: 142919 | C17: 3356 | D17: 40422 | E17: 31087 | F17: 27951 | G17: 20342 | H17: 15406 | I17: 7261 | J17: 2421 | K17: =GETPIVOTDATA("Sum of N cancelled train (full + partial)",$A$5,"operator",$A17)/GETPIVOTDATA("Sum of N total train",$A$5,"operator",$A17) -> 0.023481832 | L17: =1-(GETPIVOTDATA("Sum of N cancelled train (full + partial)",$A$5,"operator",$A17)+GETPIVOTDATA(L$4&"",$A$5,"operator",$A17))/GETPIVOTDATA("Sum of N total train",$A$5,"operator",$A17) -> 0.69368663 | M17: =1-(GETPIVOTDATA("Sum of N cancelled train (full + partial)",$A$5,"operator",$A17)+GETPIVOTDATA(M$4&"",$A$5,"operator",$A17))/GETPIVOTDATA("Sum of N total train",$A$5,"operator",$A17) -> 0.75900335 | N17: =1-(GETPIVOTDATA("Sum of N cancelled train (full + partial)",$A$5,"operator",$A17)+GETPIVOTDATA(N$4&"",$A$5,"operator",$A17))/GETPIVOTDATA("Sum of N total train",$A$5,"operator",$A17) -> 0.78094585 | O17: =1-(GETPIVOTDATA("Sum of N cancelled train (full + partial)",$A$5,"operator",$A17)+GETPIVOTDATA(O$4&"",$A$5,"operator",$A17))/GETPIVOTDATA("Sum of N total train",$A$5,"operator",$A17) -> 0.8341858 | P17: =1-(GETPIVOTDATA("Sum of N cancelled train (full + partial)",$A$5,"operator",$A17)+GETPIVOTDATA(P$4&"",$A$5,"operator",$A17))/GETPIVOTDATA("Sum of N total train",$A$5,"operator",$A17) -> 0.86872284 | Q17: =1-(GETPIVOTDATA("Sum of N cancelled train (full + partial)",$A$5,"operator",$A17)+GETPIVOTDATA(Q$4&"",$A$5,"operator",$A17))/GETPIVOTDATA("Sum of N total train",$A$5,"operator",$A17) -> 0.92571317 | R17: =1-(GETPIVOTDATA("Sum of N cancelled train (full + partial)",$A$5,"operator",$A17)+GETPIVOTDATA(R$4&"",$A$5,"operator",$A17))/GETPIVOTDATA("Sum of N total train",$A$5,"operator",$A17) -> 0.9595785
... A29: ZSSK | B29: 1535 | C29: 2 | D29: 184 | E29: 151 | F29: 141 | G29: 108 | H29: 86 | I29: 50 | J29: 20 | K29: =GETPIVOTDATA("Sum of N cancelled train (full + partial)",$A$5,"operator",$A29)/GETPIVOTDATA("Sum of N total train",$A$5,"operator",$A29) -> 0.0013029316 | L29: =1-(GETPIVOTDATA("Sum of N cancelled train (full + partial)",$A$5,"operator",$A29)+GETPIVOTDATA(L$4&"",$A$5,"operator",$A29))/GETPIVOTDATA("Sum of N total train",$A$5,"operator",$A29) -> 0.87882736 | M29: =1-(GETPIVOTDATA("Sum of N cancelled train (full + partial)",$A$5,"operator",$A29)+GETPIVOTDATA(M$4&"",$A$5,"operator",$A29))/GETPIVOTDATA("Sum of N total train",$A$5,"operator",$A29) -> 0.90032573 | N29: =1-(GETPIVOTDATA("Sum of N cancelled train (full + partial)",$A$5,"operator",$A29)+GETPIVOTDATA(N$4&"",$A$5,"operator",$A29))/GETPIVOTDATA("Sum of N total train",$A$5,"operator",$A29) -> 0.90684039 | O29: =1-(GETPIVOTDATA("Sum of N cancelled train (full + partial)",$A$5,"operator",$A29)+GETPIVOTDATA(O$4&"",$A$5,"operator",$A29))/GETPIVOTDATA("Sum of N total train",$A$5,"operator",$A29) -> 0.92833876 | P29: =1-(GETPIVOTDATA("Sum of N cancelled train (full + partial)",$A$5,"operator",$A29)+GETPIVOTDATA(P$4&"",$A$5,"operator",$A29))/GETPIVOTDATA("Sum of N total train",$A$5,"operator",$A29) -> 0.94267101 | Q29: =1-(GETPIVOTDATA("Sum of N cancelled train (full + partial)",$A$5,"operator",$A29)+GETPIVOTDATA(Q$4&"",$A$5,"operator",$A29))/GETPIVOTDATA("Sum of N total train",$A$5,"operator",$A29) -> 0.96612378 | R29: =1-(GETPIVOTDATA("Sum of N cancelled train (full + partial)",$A$5,"operator",$A29)+GETPIVOTDATA(R$4&"",$A$5,"operator",$A29))/GETPIVOTDATA("Sum of N total train",$A$5,"operator",$A29) -> 0.98566775
A30: Grand Total | B30: 2228526 | C30: 128592 | D30: 536315 | E30: 406279 | F30: 370587 | G30: 267442 | H30: 196975 | I30: 94466 | J30: 30914
A35: Journey type | B35: (Multiple Items)
A36: Long distance | B36: Yes
A38: Row Labels | B38: Sum of N total train | C38: Sum of N cancelled train (full + partial) | D38: Sum of N train delay (> 3 min) | E38: Sum of N train delay (> 5 min) | F38: Sum of N train delay (> 6 min) | G38: Sum of N train delay (> 10 min) | H38: Sum of N train delay (> 15 min) | I38: Sum of N train delay (> 30 min) | J38: Sum of N train delay (> 60 min) | K38: Sum of N train arriving at terminus
A39: Westbahn | B39: 20917 | C39: 126 | D39: 2268 | E39: 1736 | F39: 1542 | G39: 1006 | H39: 619 | I39: 244 | J39: 68 | K39: 20633
A40: Grand Total | B40: 20917 | C40: 126 | D40: 2268 | E40: 1736 | F40: 1542 | G40: 1006 | H40: 619 | I40: 244 | J40: 68 | K40: 20633

Sheet Summary
A1: Year | B1: Month | C1: operator | D1: Punctuality scope | E1: Route type | F1: Journey type | G1: HSR service | H1: Long distance | I1: Night train | J1: N total train | K1: N cancelled train (full cancellation) | L1: N cancelled train (partial cancellation) | M1: N cancelled train (full + partial) | N1: N train delay (> 3 min) | O1: N train delay (> 5 min) | P1: N train delay (> 6 min) | Q1: N train delay (> 10 min) | R1: N train delay (> 15 min) | S1: N train delay (> 30 min) | T1: N train delay (> 60 min) | U1: N train arriving at terminus
A2: 2025 | B2: 1 | C2: CFL | D2: national network | E2: IC | F2: international | G2: No | H2: Yes | I2: No | J2: 1182 | K2: 10 | L2: 0 | M2: 10 | N2: 198 | O2: 105 | P2: 84 | Q2: 54 | R2: 36 | S2: 10 | T2: 0 | U2: 1172
A3: 2025 | B3: 1 | C3: CFL | D3: national network | E3: TGV INOUI | F3: domestic | G3: Yes | H3: Yes | I3: No | J3: 1 | K3: 0 | L3: 1 | M3: 1 | N3: 0 | O3: 0 | P3: 0 | Q3: 0 | R3: 0 | S3: 0 | T3: 0 | U3: 1
A4: 2025 | B4: 1 | C4: CFL | D4: national network | E4: TGV INOUI | F4: international | G4: Yes | H4: Yes | I4: No | J4: 64 | K4: 2 | L4: 0 | M4: 2 | N4: 35 | O4: 14 | P4: 14 | Q4: 12 | R4: 6 | S4: 1 | T4: 0 | U4: 62
A5: 2025 | B5: 1 | C5: CFL | D5: national network | E5: TGV INOUI | F5: unknown | G5: Yes | H5: Yes | I5: No | J5: 3 | K5: 0 | L5: 0 | M5: 0 | N5: 0 | O5: 0 | P5: 0 | Q5: 0 | R5: 0 | S5: 0 | T5: 0 | U5: 0
A6: 2025 | B6: 1 | C6: CFR | D6: national network | E6: D | F6: international | G6: No | H6: No | I6: No | J6: 26 | K6: 0 | L6: 0 | M6: 0 | N6: 1 | O6: 1 | P6: 1 | Q6: 0 | R6: 0 | S6: 0 | T6: 0 | U6: 26
A7: 2025 | B7: 1 | C7: CFR | D7: national network | E7: EC | F7: international | G7: No | H7: No | I7: No | J7: 22 | K7: 0 | L7: 0 | M7: 0 | N7: 0 | O7: 0 | P7: 0 | Q7: 0 | R7: 0 | S7: 0 | T7: 0 | U7: 7
A8: 2025 | B8: 1 | C8: CFR | D8: national network | E8: EC | F8: international | G8: No | H8: Yes | I8: No | J8: 7 | K8: 0 | L8: 0 | M8: 0 | N8: 0 | O8: 0 | P8: 0 | Q8: 0 | R8: 0 | S8: 0 | T8: 0 | U8: 7
A9: 2025 | B9: 1 | C9: Ceske Drahy | D9: national network | E9: EC | F9: domestic | G9: No | H9: No | I9: No | J9: 3 | K9: 0 | L9: 0 | M9: 0 | N9: 0 | O9: 0 | P9: 0 | Q9: 0 | R9: 0 | S9: 0 | T9: 0 | U9: 3
A10: 2025 | B10: 1 | C10: Ceske Drahy | D10: national network | E10: EC | F10: international | G10: No | H10: No | I10: No | J10: 810 | K10: 0 | L10: 0 | M10: 0 | N10: 108 | O10: 88 | P10: 87 | Q10: 58 | R10: 37 | S10: 12 | T10: 4 | U10: 781
A11: 2025 | B11: 1 | C11: Ceske Drahy | D11: national network | E11: EC | F11: unknown | G11: No | H11: No | I11: No | J11: 3 | K11: 0 | L11: 0 | M11: 0 | N11: 0 | O11: 0 | P11: 0 | Q11: 0 | R11: 0 | S11: 0 | T11: 0 | U11: 0
A12: 2025 | B12: 1 | C12: Ceske Drahy | D12: national network | E12: EN | F12: domestic | G12: No | H12: Yes | I12: Yes | J12: 5 | K12: 0 | L12: 0 | M12: 0 | N12: 1 | O12: 1 | P12: 1 | Q12: 1 | R12: 1 | S12: 1 | T12: 0 | U12: 5
A13: 2025 | B13: 1 | C13: Ceske Drahy | D13: national network | E13: EN | F13: international | G13: No | H13: Yes | I13: Yes | J13: 201 | K13: 0 | L13: 1 | M13: 1 | N13: 40 | O13: 36 | P13: 34 | Q13: 23 | R13: 14 | S13: 10 | T13: 4 | U13: 163
... A213: 2025 | B213: 1 | C213: UNKNOWN_OPERATOR | D213: national network | E213: UEX | F213: international | G213: No | H213: No | I213: No | J213: 6 | K213: 0 | L213: 0 | M213: 0 | N213: 1 | O213: 1 | P213: 1 | Q213: 1 | R213: 0 | S213: 0 | T213: 0 | U213: 6
A214: 2025 | B214: 1 | C214: UNKNOWN_OPERATOR | D214: national network | F214: domestic | G214: No | H214: No | I214: No | J214: 17 | K214: 2 | L214: 1 | M214: 3 | N214: 6 | O214: 5 | P214: 5 | Q214: 5 | R214: 2 | S214: 1 | T214: 1 | U214: 15
A215: 2025 | B215: 1 | C215: UZ | D215: national network | E215: D | F215: international | G215: No | H215: No | I215: No | J215: 19 | K215: 0 | L215: 0 | M215: 0 | N215: 0 | O215: 0 | P215: 0 | Q215: 0 | R215: 0 | S215: 0 | T215: 0 | U215: 19
A216: 2025 | B216: 1 | C216: Westbahn | D216: whole journey | E216: WB | F216: domestic | G216: No | H216: Yes | I216: No | J216: 1385 | K216: 0 | L216: 0 | M216: 0 | N216: 16 | O216: 13 | P216: 12 | Q216: 7 | R216: 4 | S216: 3 | T216: 0 | U216: 1110
A217: 2025 | B217: 1 | C217: Westbahn | D217: whole journey | E217: WB | F217: international | G217: No | H217: Yes | I217: No | J217: 363 | K217: 0 | L217: 10 | M217: 10 | N217: 138 | O217: 102 | P217: 85 | Q217: 47 | R217: 22 | S217: 6 | T217: 2 | U217: 363
A218: 2025 | B218: 1 | C218: ZSSK | D218: national network | E218: EC | F218: international | G218: No | H218: No | I218: No | J218: 68 | K218: 0 | L218: 0 | M218: 0 | N218: 5 | O218: 5 | P218: 4 | Q218: 3 | R218: 2 | S218: 0 | T218: 0 | U218: 68
A219: 2025 | B219: 1 | C219: ZSSK | D219: national network | E219: EN | F219: international | G219: No | H219: Yes | I219: Yes | J219: 87 | K219: 0 | L219: 0 | M219: 0 | N219: 0 | O219: 0 | P219: 0 | Q219: 0 | R219: 0 | S219: 0 | T219: 0 | U219: 49
A220: 2025 | B220: 1 | C220: ZSSK | D220: national network | E220: NJ | F220: international | G220: No | H220: Yes | I220: Yes | J220: 6 | K220: 0 | L220: 0 | M220: 0 | N220: 0 | O220: 0 | P220: 0 | Q220: 0 | R220: 0 | S220: 0 | T220: 0 | U220: 0
A221: 2025 | B221: 1 | C221: ZSSK | D221: national network | E221: RJX | F221: international | G221: Yes | H221: Yes | I221: No | J221: 45 | K221: 0 | L221: 0 | M221: 0 | N221: 2 | O221: 1 | P221: 1 | Q221: 1 | R221: 1 | S221: 0 | T221: 0 | U221: 45
A222: 2025 | B222: 2 | C222: CFL | D222: national network | E222: IC | F222: international | G222: No | H222: Yes | I222: No | J222: 809 | K222: 8 | L222: 0 | M222: 8 | N222: 161 | O222: 92 | P222: 69 | Q222: 43 | R222: 29 | S222: 8 | T222: 0 | U222: 801
A223: 2025 | B223: 2 | C223: CFL | D223: national network | E223: TGV INOUI | F223: international | G223: Yes | H223: Yes | I223: No | J223: 68 | K223: 0 | L223: 0 | M223: 0 | N223: 39 | O223: 21 | P223: 21 | Q223: 19 | R223: 12 | S223: 5 | T223: 3 | U223: 68
A224: 2025 | B224: 2 | C224: CFL | D224: national network | E224: TGV INOUI | F224: unknown | G224: Yes | H224: Yes | I224: No | J224: 4 | K224: 0 | L224: 0 | M224: 0 | N224: 0 | O224: 0 | P224: 0 | Q224: 0 | R224: 0 | S224: 0 | T224: 0 | U224: 0
A225: 2025 | B225: 2 | C225: CFR | D225: national network | E225: D | F225: international | G225: No | H225: No | I225: No | J225: 54 | K225: 0 | L225: 0 | M225: 0 | N225: 1 | O225: 1 | P225: 1 | Q225: 0 | R225: 0 | S225: 0 | T225: 0 | U225: 54
A226: 2025 | B226: 2 | C226: Ceske Drahy | D226: national network | E226: EC | F226: international | G226: No | H226: No | I226: No | J226: 876 | K226: 1 | L226: 0 | M226: 1 | N226: 128 | O226: 102 | P226: 92 | Q226: 64 | R226: 49 | S226: 24 | T226: 6 | U226: 875
... A399: 2025 | B399: 2 | C399: UNKNOWN_OPERATOR | D399: national network | E399: UEX | F399: international | G399: No | H399: No | I399: No | J399: 16 | K399: 0 | L399: 0 | M399: 0 | N399: 11 | O399: 9 | P399: 9 | Q399: 8 | R399: 8 | S399: 8 | T399: 2 | U399: 16
A400: 2025 | B400: 2 | C400: UNKNOWN_OPERATOR | D400: national network | F400: domestic | G400: No | H400: No | I400: No | J400: 15 | K400: 0 | L400: 0 | M400: 0 | N400: 7 | O400: 6 | P400: 4 | Q400: 4 | R400: 3 | S400: 1 | T400: 0 | U400: 15
A401: 2025 | B401: 2 | C401: UNKNOWN_OPERATOR | D401: national network | F401: international | G401: No | H401: No | I401: No | J401: 128 | K401: 62 | L401: 63 | M401: 125 | N401: 2 | O401: 2 | P401: 1 | Q401: 1 | R401: 1 | S401: 0 | T401: 0 | U401: 4
A402: 2025 | B402: 2 | C402: UZ | D402: national network | E402: D | F402: international | G402: No | H402: No | I402: No | J402: 54 | K402: 0 | L402: 0 | M402: 0 | N402: 0 | O402: 0 | P402: 0 | Q402: 0 | R402: 0 | S402: 0 | T402: 0 | U402: 54
A403: 2025 | B403: 2 | C403: Westbahn | D403: whole journey | E403: WB | F403: domestic | G403: No | H403: Yes | I403: No | J403: 1343 | K403: 0 | L403: 0 | M403: 0 | N403: 28 | O403: 21 | P403: 18 | Q403: 14 | R403: 9 | S403: 2 | T403: 0 | U403: 1343
A404: 2025 | B404: 2 | C404: Westbahn | D404: whole journey | E404: WB | F404: international | G404: No | H404: Yes | I404: No | J404: 336 | K404: 0 | L404: 9 | M404: 9 | N404: 171 | O404: 118 | P404: 103 | Q404: 49 | R404: 23 | S404: 9 | T404: 2 | U404: 332
A405: 2025 | B405: 2 | C405: ZSSK | D405: national network | E405: EC | F405: international | G405: No | H405: No | I405: No | J405: 71 | K405: 0 | L405: 0 | M405: 0 | N405: 5 | O405: 4 | P405: 4 | Q405: 3 | R405: 2 | S405: 1 | T405: 0 | U405: 71
A406: 2025 | B406: 2 | C406: ZSSK | D406: national network | E406: EN | F406: international | G406: No | H406: Yes | I406: Yes | J406: 52 | K406: 0 | L406: 0 | M406: 0 | N406: 1 | O406: 1 | P406: 1 | Q406: 1 | R406: 1 | S406: 1 | T406: 0 | U406: 52
A407: 2025 | B407: 2 | C407: ZSSK | D407: national network | E407: RJX | F407: international | G407: Yes | H407: Yes | I407: No | J407: 37 | K407: 0 | L407: 0 | M407: 0 | N407: 3 | O407: 3 | P407: 3 | Q407: 2 | R407: 1 | S407: 0 | T407: 0 | U407: 37
A408: 2025 | B408: 3 | C408: CFL | D408: national network | E408: IC | F408: international | G408: No | H408: Yes | I408: No | J408: 1032 | K408: 7 | L408: 5 | M408: 12 | N408: 157 | O408: 93 | P408: 77 | Q408: 42 | R408: 27 | S408: 9 | T408: 0 | U408: 1025
A409: 2025 | B409: 3 | C409: CFL | D409: national network | E409: TGV INOUI | F409: international | G409: Yes | H409: Yes | I409: No | J409: 61 | K409: 0 | L409: 0 | M409: 0 | N409: 34 | O409: 7 | P409: 7 | Q409: 6 | R409: 5 | S409: 3 | T409: 1 | U409: 61
A410: 2025 | B410: 3 | C410: CFL | D410: national network | E410: TGV INOUI | F410: unknown | G410: Yes | H410: Yes | I410: No | J410: 3 | K410: 0 | L410: 0 | M410: 0 | N410: 0 | O410: 0 | P410: 0 | Q410: 0 | R410: 0 | S410: 0 | T410: 0 | U410: 0
A411: 2025 | B411: 3 | C411: CFR | D411: national network | E411: D | F411: international | G411: No | H411: No | I411: No | J411: 62 | K411: 0 | L411: 0 | M411: 0 | N411: 1 | O411: 1 | P411: 1 | Q411: 1 | R411: 0 | S411: 0 | T411: 0 | U411: 62
A412: 2025 | B412: 3 | C412: Ceske Drahy | D412: national network | E412: EC | F412: international | G412: No | H412: No | I412: No | J412: 982 | K412: 6 | L412: 0 | M412: 6 | N412: 261 | O412: 206 | P412: 188 | Q412: 130 | R412: 97 | S412: 42 | T412: 18 | U412: 976
A413: 2025 | B413: 3 | C413: Ceske Drahy | D413: national network | E413: EN | F413: international | G413: No | H413: Yes | I413: Yes | J413: 184 | K413: 3 | L413: 0 | M413: 3 | N413: 81 | O413: 73 | P413: 69 | Q413: 58 | R413: 48 | S413: 28 | T413: 12 | U413: 181
... A576: 2025 | B576: 3 | C576: UNKNOWN_OPERATOR | D576: national network | E576: UEX | F576: international | G576: No | H576: No | I576: No | J576: 18 | K576: 2 | L576: 0 | M576: 2 | N576: 5 | O576: 5 | P576: 5 | Q576: 5 | R576: 5 | S576: 0 | T576: 0 | U576: 16
A577: 2025 | B577: 3 | C577: UNKNOWN_OPERATOR | D577: national network | F577: domestic | G577: No | H577: No | I577: No | J577: 11 | K577: 0 | L577: 0 | M577: 0 | N577: 6 | O577: 4 | P577: 4 | Q577: 4 | R577: 3 | S577: 2 | T577: 1 | U577: 11
A578: 2025 | B578: 3 | C578: UZ | D578: national network | E578: D | F578: international | G578: No | H578: No | I578: No | J578: 62 | K578: 0 | L578: 0 | M578: 0 | N578: 0 | O578: 0 | P578: 0 | Q578: 0 | R578: 0 | S578: 0 | T578: 0 | U578: 62
A579: 2025 | B579: 3 | C579: Westbahn | D579: whole journey | E579: WB | F579: domestic | G579: No | H579: Yes | I579: No | J579: 1487 | K579: 0 | L579: 0 | M579: 0 | N579: 41 | O579: 36 | P579: 29 | Q579: 19 | R579: 10 | S579: 4 | T579: 0 | U579: 1487
A580: 2025 | B580: 3 | C580: Westbahn | D580: whole journey | E580: WB | F580: international | G580: No | H580: Yes | I580: No | J580: 371 | K580: 1 | L580: 0 | M580: 1 | N580: 203 | O580: 158 | P580: 140 | Q580: 92 | R580: 53 | S580: 16 | T580: 7 | U580: 370
A581: 2025 | B581: 3 | C581: ZSSK | D581: national network | E581: EC | F581: international | G581: No | H581: No | I581: No | J581: 62 | K581: 1 | L581: 0 | M581: 1 | N581: 15 | O581: 11 | P581: 9 | Q581: 7 | R581: 5 | S581: 4 | T581: 3 | U581: 61
A582: 2025 | B582: 3 | C582: ZSSK | D582: national network | E582: EN | F582: international | G582: No | H582: Yes | I582: Yes | J582: 62 | K582: 0 | L582: 0 | M582: 0 | N582: 16 | O582: 13 | P582: 11 | Q582: 6 | R582: 5 | S582: 2 | T582: 0 | U582: 62
A583: 2025 | B583: 3 | C583: ZSSK | D583: national network | E583: NJ | F583: international | G583: No | H583: Yes | I583: Yes | J583: 1 | K583: 0 | L583: 0 | M583: 0 | N583: 0 | O583: 0 | P583: 0 | Q583: 0 | R583: 0 | S583: 0 | T583: 0 | U583: 1
A584: 2025 | B584: 3 | C584: ZSSK | D584: national network | E584: RJX | F584: international | G584: Yes | H584: Yes | I584: No | J584: 62 | K584: 0 | L584: 0 | M584: 0 | N584: 5 | O584: 5 | P584: 5 | Q584: 5 | R584: 5 | S584: 3 | T584: 2 | U584: 62
A585: 2025 | B585: 4 | C585: CFL | D585: national network | E585: IC | F585: international | G585: No | H585: Yes | I585: No | J585: 739 | K585: 14 | L585: 0 | M585: 14 | N585: 118 | O585: 67 | P585: 53 | Q585: 34 | R585: 23 | S585: 10 | T585: 0 | U585: 725
A586: 2025 | B586: 4 | C586: CFL | D586: national network | E586: TGV INOUI | F586: international | G586: Yes | H586: Yes | I586: No | J586: 47 | K586: 0 | L586: 0 | M586: 0 | N586: 24 | O586: 11 | P586: 11 | Q586: 9 | R586: 6 | S586: 3 | T586: 2 | U586: 47
A587: 2025 | B587: 4 | C587: CFL | D587: national network | E587: TGV INOUI | F587: unknown | G587: Yes | H587: Yes | I587: No | J587: 2 | K587: 0 | L587: 0 | M587: 0 | N587: 0 | O587: 0 | P587: 0 | Q587: 0 | R587: 0 | S587: 0 | T587: 0 | U587: 0
A588: 2025 | B588: 4 | C588: CFR | D588: national network | E588: D | F588: international | G588: No | H588: No | I588: No | J588: 52 | K588: 0 | L588: 0 | M588: 0 | N588: 1 | O588: 1 | P588: 1 | Q588: 1 | R588: 1 | S588: 0 | T588: 0 | U588: 52
A589: 2025 | B589: 4 | C589: Ceske Drahy | D589: national network | E589: EC | F589: domestic | G589: No | H589: No | I589: No | J589: 1 | K589: 0 | L589: 0 | M589: 0 | N589: 0 | O589: 0 | P589: 0 | Q589: 0 | R589: 0 | S589: 0 | T589: 0 | U589: 1
... A788: 2025 | B788: 4 | C788: UNKNOWN_OPERATOR | D788: national network | E788: IC | F788: international | G788: No | H788: No | I788: No | J788: 45 | K788: 1 | L788: 0 | M788: 1 | N788: 3 | O788: 2 | P788: 2 | Q788: 2 | R788: 1 | S788: 0 | T788: 0 | U788: 44
A789: 2025 | B789: 4 | C789: UNKNOWN_OPERATOR | D789: national network | F789: domestic | G789: No | H789: No | I789: No | J789: 5 | K789: 0 | L789: 0 | M789: 0 | N789: 2 | O789: 1 | P789: 1 | Q789: 1 | R789: 1 | S789: 1 | T789: 1 | U789: 5
A790: 2025 | B790: 4 | C790: UNKNOWN_OPERATOR | D790: national network | F790: international | G790: No | H790: No | I790: No | J790: 148 | K790: 74 | L790: 74 | M790: 148 | N790: 0 | O790: 0 | P790: 0 | Q790: 0 | R790: 0 | S790: 0 | T790: 0 | U790: 0
A791: 2025 | B791: 4 | C791: UNKNOWN_OPERATOR | D791: national network | F791: unknown | G791: No | H791: No | I791: No | J791: 3 | K791: 0 | L791: 0 | M791: 0 | N791: 0 | O791: 0 | P791: 0 | Q791: 0 | R791: 0 | S791: 0 | T791: 0 | U791: 0
A792: 2025 | B792: 4 | C792: UZ | D792: national network | E792: D | F792: international | G792: No | H792: No | I792: No | J792: 52 | K792: 0 | L792: 0 | M792: 0 | N792: 0 | O792: 0 | P792: 0 | Q792: 0 | R792: 0 | S792: 0 | T792: 0 | U792: 52
A793: 2025 | B793: 4 | C793: Westbahn | D793: whole journey | E793: WB | F793: domestic | G793: No | H793: Yes | I793: No | J793: 1355 | K793: 0 | L793: 0 | M793: 0 | N793: 34 | O793: 26 | P793: 26 | Q793: 15 | R793: 12 | S793: 5 | T793: 2 | U793: 1355
A794: 2025 | B794: 4 | C794: Westbahn | D794: whole journey | E794: WB | F794: international | G794: No | H794: Yes | I794: No | J794: 324 | K794: 0 | L794: 5 | M794: 5 | N794: 145 | O794: 100 | P794: 93 | Q794: 59 | R794: 35 | S794: 16 | T794: 5 | U794: 324
A795: 2025 | B795: 4 | C795: ZSSK | D795: national network | E795: EC | F795: international | G795: No | H795: No | I795: No | J795: 55 | K795: 0 | L795: 0 | M795: 0 | N795: 39 | O795: 33 | P795: 31 | Q795: 25 | R795: 11 | S795: 3 | T795: 0 | U795: 55
A796: 2025 | B796: 4 | C796: ZSSK | D796: national network | E796: EN | F796: international | G796: No | H796: Yes | I796: Yes | J796: 54 | K796: 0 | L796: 0 | M796: 0 | N796: 6 | O796: 5 | P796: 4 | Q796: 3 | R796: 2 | S796: 1 | T796: 0 | U796: 54
A797: 2025 | B797: 4 | C797: ZSSK | D797: national network | E797: NJ | F797: international | G797: No | H797: Yes | I797: Yes | J797: 1 | K797: 0 | L797: 0 | M797: 0 | N797: 0 | O797: 0 | P797: 0 | Q797: 0 | R797: 0 | S797: 0 | T797: 0 | U797: 1
A798: 2025 | B798: 4 | C798: ZSSK | D798: national network | E798: RJX | F798: international | G798: Yes | H798: Yes | I798: No | J798: 56 | K798: 0 | L798: 0 | M798: 0 | N798: 7 | O798: 6 | P798: 5 | Q798: 5 | R798: 4 | S798: 3 | T798: 0 | U798: 56
A799: 2025 | B799: 5 | C799: CFL | D799: national network | E799: IC | F799: international | G799: No | H799: Yes | I799: No | J799: 1162 | K799: 20 | L799: 1 | M799: 21 | N799: 80 | O799: 56 | P799: 49 | Q799: 35 | R799: 23 | S799: 6 | T799: 0 | U799: 1142
A800: 2025 | B800: 5 | C800: CFL | D800: national network | E800: TGV INOUI | F800: international | G800: Yes | H800: Yes | I800: No | J800: 73 | K800: 1 | L800: 0 | M800: 1 | N800: 35 | O800: 11 | P800: 11 | Q800: 7 | R800: 3 | S800: 1 | T800: 0 | U800: 72
A801: 2025 | B801: 5 | C801: CFL | D801: national network | E801: TGV INOUI | F801: unknown | G801: Yes | H801: Yes | I801: No | J801: 8 | K801: 0 | L801: 0 | M801: 0 | N801: 0 | O801: 0 | P801: 0 | Q801: 0 | R801: 0 | S801: 0 | T801: 0 | U801: 0
A802: 2025 | B802: 5 | C802: CFR | D802: national network | E802: D | F802: international | G802: No | H802: No | I802: No | J802: 62 | K802: 0 | L802: 0 | M802: 0 | N802: 5 | O802: 5 | P802: 5 | Q802: 2 | R802: 1 | S802: 0 | T802: 0 | U802: 62
A803: 2025 | B803: 5 | C803: Ceske Drahy | D803: national network | E803: EC | F803: international | G803: No | H803: No | I803: No | J803: 923 | K803: 3 | L803: 1 | M803: 4 | N803: 287 | O803: 245 | P803: 216 | Q803: 138 | R803: 100 | S803: 46 | T803: 13 | U803: 920
... A978: 2025 | B978: 5 | C978: UNKNOWN_OPERATOR | D978: national network | E978: UEX | F978: international | G978: No | H978: No | I978: No | J978: 26 | K978: 2 | L978: 2 | M978: 4 | N978: 11 | O978: 9 | P978: 9 | Q978: 7 | R978: 7 | S978: 4 | T978: 2 | U978: 24
A979: 2025 | B979: 5 | C979: UNKNOWN_OPERATOR | D979: national network | F979: domestic | G979: No | H979: No | I979: No | J979: 18 | K979: 0 | L979: 0 | M979: 0 | N979: 5 | O979: 3 | P979: 3 | Q979: 3 | R979: 2 | S979: 1 | T979: 1 | U979: 18
A980: 2025 | B980: 5 | C980: UZ | D980: national network | E980: D | F980: international | G980: No | H980: No | I980: No | J980: 62 | K980: 0 | L980: 0 | M980: 0 | N980: 0 | O980: 0 | P980: 0 | Q980: 0 | R980: 0 | S980: 0 | T980: 0 | U980: 62
A981: 2025 | B981: 5 | C981: Westbahn | D981: whole journey | E981: WB | F981: domestic | G981: No | H981: Yes | I981: No | J981: 1328 | K981: 0 | L981: 0 | M981: 0 | N981: 25 | O981: 19 | P981: 18 | Q981: 11 | R981: 6 | S981: 4 | T981: 2 | U981: 1328
A982: 2025 | B982: 5 | C982: Westbahn | D982: whole journey | E982: WB | F982: international | G982: No | H982: Yes | I982: No | J982: 372 | K982: 0 | L982: 3 | M982: 3 | N982: 159 | O982: 117 | P982: 95 | Q982: 52 | R982: 23 | S982: 8 | T982: 2 | U982: 371
A983: 2025 | B983: 5 | C983: ZSSK | D983: national network | E983: EC | F983: international | G983: No | H983: No | I983: No | J983: 57 | K983: 0 | L983: 0 | M983: 0 | N983: 43 | O983: 41 | P983: 39 | Q983: 31 | R983: 22 | S983: 8 | T983: 2 | U983: 57
A984: 2025 | B984: 5 | C984: ZSSK | D984: national network | E984: EN | F984: international | G984: No | H984: Yes | I984: Yes | J984: 86 | K984: 1 | L984: 0 | M984: 1 | N984: 10 | O984: 6 | P984: 6 | Q984: 6 | R984: 4 | S984: 2 | T984: 2 | U984: 85
A985: 2025 | B985: 5 | C985: ZSSK | D985: national network | E985: NJ | F985: international | G985: No | H985: Yes | I985: Yes | J985: 1 | K985: 0 | L985: 0 | M985: 0 | N985: 0 | O985: 0 | P985: 0 | Q985: 0 | R985: 0 | S985: 0 | T985: 0 | U985: 1
A986: 2025 | B986: 5 | C986: ZSSK | D986: national network | E986: RJX | F986: international | G986: Yes | H986: Yes | I986: No | J986: 62 | K986: 0 | L986: 0 | M986: 0 | N986: 6 | O986: 0 | P986: 0 | Q986: 0 | R986: 0 | S986: 0 | T986: 0 | U986: 62
A987: 2025 | B987: 6 | C987: CFL | D987: national network | E987: IC | F987: international | G987: No | H987: Yes | I987: No | J987: 1131 | K987: 12 | L987: 0 | M987: 12 | N987: 113 | O987: 70 | P987: 61 | Q987: 34 | R987: 22 | S987: 4 | T987: 0 | U987: 1119
A988: 2025 | B988: 6 | C988: CFL | D988: national network | E988: TGV INOUI | F988: international | G988: Yes | H988: Yes | I988: No | J988: 69 | K988: 0 | L988: 0 | M988: 0 | N988: 40 | O988: 17 | P988: 17 | Q988: 16 | R988: 7 | S988: 3 | T988: 2 | U988: 69
A989: 2025 | B989: 6 | C989: CFL | D989: national network | E989: TGV INOUI | F989: unknown | G989: Yes | H989: Yes | I989: No | J989: 3 | K989: 0 | L989: 0 | M989: 0 | N989: 0 | O989: 0 | P989: 0 | Q989: 0 | R989: 0 | S989: 0 | T989: 0 | U989: 0
A990: 2025 | B990: 6 | C990: CFR | D990: national network | E990: D | F990: international | G990: No | H990: No | I990: No | J990: 60 | K990: 0 | L990: 0 | M990: 0 | N990: 6 | O990: 6 | P990: 6 | Q990: 2 | R990: 0 | S990: 0 | T990: 0 | U990: 60
A991: 2025 | B991: 6 | C991: Ceske Drahy | D991: national network | E991: EC | F991: international | G991: No | H991: No | I991: No | J991: 987 | K991: 3 | L991: 0 | M991: 3 | N991: 333 | O991: 278 | P991: 256 | Q991: 174 | R991: 135 | S991: 81 | T991: 30 | U991: 984
... A1160: 2025 | B1160: 6 | C1160: UNKNOWN_OPERATOR | D1160: national network | E1160: UEX | F1160: international | G1160: No | H1160: No | I1160: No | J1160: 24 | K1160: 2 | L1160: 0 | M1160: 2 | N1160: 15 | O1160: 15 | P1160: 15 | Q1160: 15 | R1160: 14 | S1160: 10 | T1160: 4 | U1160: 22
A1161: 2025 | B1161: 6 | C1161: UNKNOWN_OPERATOR | D1161: national network | F1161: domestic | G1161: No | H1161: No | I1161: No | J1161: 57 | K1161: 0 | L1161: 6 | M1161: 6 | N1161: 17 | O1161: 12 | P1161: 11 | Q1161: 8 | R1161: 5 | S1161: 4 | T1161: 3 | U1161: 51
A1162: 2025 | B1162: 6 | C1162: UZ | D1162: national network | E1162: D | F1162: international | G1162: No | H1162: No | I1162: No | J1162: 60 | K1162: 0 | L1162: 0 | M1162: 0 | N1162: 0 | O1162: 0 | P1162: 0 | Q1162: 0 | R1162: 0 | S1162: 0 | T1162: 0 | U1162: 60
A1163: 2025 | B1163: 6 | C1163: UZ | D1163: national network | E1163: EC | F1163: international | G1163: No | H1163: No | I1163: No | J1163: 6 | K1163: 1 | L1163: 0 | M1163: 1 | N1163: 0 | O1163: 0 | P1163: 0 | Q1163: 0 | R1163: 0 | S1163: 0 | T1163: 0 | U1163: 5
A1164: 2025 | B1164: 6 | C1164: Westbahn | D1164: whole journey | E1164: WB | F1164: domestic | G1164: No | H1164: Yes | I1164: No | J1164: 1400 | K1164: 0 | L1164: 0 | M1164: 0 | N1164: 36 | O1164: 26 | P1164: 25 | Q1164: 9 | R1164: 6 | S1164: 4 | T1164: 2 | U1164: 1400
A1165: 2025 | B1165: 6 | C1165: Westbahn | D1165: whole journey | E1165: WB | F1165: international | G1165: No | H1165: Yes | I1165: No | J1165: 360 | K1165: 0 | L1165: 3 | M1165: 3 | N1165: 183 | O1165: 127 | P1165: 109 | Q1165: 75 | R1165: 43 | S1165: 17 | T1165: 9 | U1165: 359
A1166: 2025 | B1166: 6 | C1166: ZSSK | D1166: national network | E1166: EC | F1166: international | G1166: No | H1166: No | I1166: No | J1166: 56 | K1166: 0 | L1166: 0 | M1166: 0 | N1166: 33 | O1166: 29 | P1166: 29 | Q1166: 25 | R1166: 19 | S1166: 13 | T1166: 3 | U1166: 56
A1167: 2025 | B1167: 6 | C1167: ZSSK | D1167: national network | E1167: EN | F1167: international | G1167: No | H1167: Yes | I1167: Yes | J1167: 85 | K1167: 0 | L1167: 0 | M1167: 0 | N1167: 17 | O1167: 11 | P1167: 11 | Q1167: 7 | R1167: 5 | S1167: 3 | T1167: 0 | U1167: 85
A1168: 2025 | B1168: 6 | C1168: ZSSK | D1168: national network | E1168: NJ | F1168: international | G1168: No | H1168: Yes | I1168: Yes | J1168: 1 | K1168: 0 | L1168: 0 | M1168: 0 | N1168: 0 | O1168: 0 | P1168: 0 | Q1168: 0 | R1168: 0 | S1168: 0 | T1168: 0 | U1168: 1
A1169: 2025 | B1169: 6 | C1169: ZSSK | D1169: national network | E1169: RJX | F1169: international | G1169: Yes | H1169: Yes | I1169: No | J1169: 60 | K1169: 0 | L1169: 0 | M1169: 0 | N1169: 4 | O1169: 2 | P1169: 2 | Q1169: 2 | R1169: 2 | S1169: 0 | T1169: 0 | U1169: 60
A1170: 2025 | B1170: 7 | C1170: CFL | D1170: national network | E1170: IC | F1170: international | G1170: No | H1170: Yes | I1170: No | J1170: 1376 | K1170: 16 | L1170: 0 | M1170: 16 | N1170: 96 | O1170: 57 | P1170: 46 | Q1170: 28 | R1170: 20 | S1170: 8 | T1170: 1 | U1170: 1360
A1171: 2025 | B1171: 7 | C1171: CFL | D1171: national network | E1171: TGV INOUI | F1171: international | G1171: Yes | H1171: Yes | I1171: No | J1171: 41 | K1171: 0 | L1171: 0 | M1171: 0 | N1171: 19 | O1171: 7 | P1171: 7 | Q1171: 6 | R1171: 5 | S1171: 4 | T1171: 1 | U1171: 41
A1172: 2025 | B1172: 7 | C1172: CFR | D1172: national network | E1172: D | F1172: international | G1172: No | H1172: No | I1172: No | J1172: 62 | K1172: 0 | L1172: 0 | M1172: 0 | N1172: 4 | O1172: 2 | P1172: 1 | Q1172: 0 | R1172: 0 | S1172: 0 | T1172: 0 | U1172: 62
A1173: 2025 | B1173: 7 | C1173: Ceske Drahy | D1173: national network | E1173: EC | F1173: international | G1173: No | H1173: No | I1173: No | J1173: 1012 | K1173: 1 | L1173: 0 | M1173: 1 | N1173: 340 | O1173: 289 | P1173: 266 | Q1173: 204 | R1173: 148 | S1173: 73 | T1173: 32 | U1173: 1011
...

Sheet Comp_chuuchuu
A1: Year | B1: Operator | C1: Services | D1: Threshold (min) | E1: Measurement | F1: Train or passenger punctuality | G1: Account cancellations | H1: Account joint services | I1: Chuuchuu/official | J1: Punctuality | K1: Same metric with Chuuchuu | L1: %pp diff | M1: Our own calculations or reliability | N1: Cancellations
A2: 2025 | B2: DB | C2: LD | D2: 6 | E2: At all stops | F2: Train punctuality | G2: No | H2: All collaborations on DE network | I2: Official | J2: 0.601 | K2: 0.5882 | L2: =J2-K2 -> 0.0128 | M2: / | N2: /
A3: 2025 | B3: DB | C3: LD | D3: 5 | E3: At all stops | F3: Train punctuality | G3: Yes | H3: All collaborations on DE network | I3: Chuuchuu | J3: / | K3: / | L3: / | M3: =INDEX(Table1[Reliability 5min],MATCH($B3,'Pivot table'!$A$6:$A$29,0)) -> 0.40041691 | N3: =INDEX(Table1[Cancellation rate],MATCH($B3,'Pivot table'!$A$6:$A$29,0)) -> 0.10879301
A4: 2025 | B4: Eurostar | C4: Routes Belgium | D4: 6 | E4: All network | F4: Train punctuality | G4: No | H4: To ask | I4: Official | J4: 0.8 | K4: 0.772 | L4: =J4-K4 -> 0.028 | M4: / | N4: /
A5: 2025 | B5: Eurostar | C5: London routes | D5: 5 | E5: Arriving at St pancras? | F5: Train punctuality | G5: Likely yes? | H5: To ask | I5: Official | J5: 0.731 | K5: 0.744 | L5: =J5-K5 -> -0.013 | M5: / | N5: /
A6: 2025 | B6: Eurostar | C6: London routes | D6: 15 | E6: Arriving at St pancras? | F6: Train punctuality | G6: Likely yes? | H6: To ask | I6: Official | J6: 0.833 | K6: 0.824 | L6: =J6-K6 -> 0.009 | M6: / | N6: /
A7: 2025 | B7: Eurostar | C7: Continental routes | D7: 15 | E7: All network (except St Pancras) | F7: Train punctuality | G7: Likely yes? | H7: To ask | I7: Official | J7: 0.781 | K7: 0.781 | L7: =J7-K7 -> 0 | M7: / | N7: /
A8: 2025 | B8: Eurostar | C8: All | D8: 5 | E8: Terminus | F8: Train punctuality | G8: Yes | H8: No | I8: Chuuchuu | J8: / | K8: / | L8: / | M8: =INDEX(Table1[Reliability 5min],MATCH($B8,'Pivot table'!$A$6:$A$29,0)) -> 0.64305637 | N8: =INDEX(Table1[Cancellation rate],MATCH($B8,'Pivot table'!$A$6:$A$29,0)) -> 0.10287121
A9: 2025 | B9: NS | C9: All | D9: 3 | E9: 47 different points on networks | F9: Pax punctuality | G9: Yes | H9: Yes (except ICE trains) | I9: Official | J9: 0.855 | K9: 0.865 | L9: =J9-K9 -> -0.01 | M9: / | N9: /
A10: 2025 | B10: NS | C10: All | D10: 10 | E10: 47 different points on networks | F10: Pax punctuality | G10: Yes | H10: Yes (except ICE trains) | I10: Official | J10: 0.953 | K10: 0.936 | L10: =J10-K10 -> 0.017 | M10: / | N10: /
A11: 2025 | B11: NS | C11: LD | D11: 5 | E11: Terminus | F11: Tain punctuality | G11: Yes | H11: Yes | I11: Chuuchuu | J11: / | K11: / | L11: / | M11: =INDEX(Table1[Reliability 5min],MATCH($B11,'Pivot table'!$A$6:$A$29,0)) -> 0.80054593 | N11: =INDEX(Table1[Cancellation rate],MATCH($B11,'Pivot table'!$A$6:$A$29,0)) -> 0.1205872
A12: 2025 | B12: OEBB | C12: LD | D12: 5min30 | E12: At all stops | F12: Train punctuality | G12: No | H12: Yes | I12: Official | J12: 0.816 | K12: 0.802 | L12: =J12-K12 -> 0.014 | M12: / | N12: /
A13: 2025 | B13: OEBB | C13: LD | D13: 5 | E13: At all stops | F13: Train punctuality | G13: Yes | H13: Yes | I13: Chuuchuu | J13: / | K13: / | L13: / | M13: =INDEX(Table1[Reliability 5min],MATCH($B13,'Pivot table'!$A$6:$A$29,0)) -> 0.75900335 | N13: =INDEX(Table1[Cancellation rate],MATCH($B13,'Pivot table'!$A$6:$A$29,0)) -> 0.023481832
A14: 2025 | B14: Ouigo - ART | C14: HSR | D14: 5 | E14: Terminus | F14: Train punctuality | G14: Not sure (here = no) | H14: / | I14: Official | J14: 0.725 | K14: 0.797 | L14: =J14-K14 -> -0.072 | M14: / | N14: /
A15: 2025 | B15: Ouigo - ART | C15: HSR | D15: 5 | E15: Terminus | F15: Train punctuality | G15: Not sure (here = yes) | H15: / | I15: Official | J15: 0.725 | K15: 0.787 | L15: =J15-K15 -> -0.062 | M15: / | N15: /
A16: 2025 | B16: Ouigo | C16: All | D16: 5 | E16: Terminus | F16: Train punctuality | G16: Yes | H16: / | I16: Chuuchuu | J16: / | K16: / | L16: / | M16: =INDEX(Table1[Reliability 5min],MATCH($B16,'Pivot table'!$A$6:$A$29,0)) -> 0.80234031 | N16: =INDEX(Table1[Cancellation rate],MATCH($B16,'Pivot table'!$A$6:$A$29,0)) -> 0.015320586
A17: 2025 | B17: SBB | C17: LD | D17: 3 | E17: At all stops | F17: Train punctuality | G17: Yes (short notice cancellations) | H17: Likely | I17: Official | J17: 0.9273 | K17: 0.953 | L17: =J17-K17 -> -0.0257 | M17: / | N17: /
A18: 2025 | B18: SBB | C18: LD | D18: 5 | E18: Terminus | F18: Train punctuality | G18: Yes | H18: Yes | I18: Chuuchuu | J18: / | K18: / | L18: / | M18: =INDEX(Table1[Reliability 5min],MATCH($B17,'Pivot table'!$A$6:$A$29,0)) -> 0.94336053 | N18: =INDEX(Table1[Cancellation rate],MATCH($B17,'Pivot table'!$A$6:$A$29,0)) -> 0.026046807
A19: 2025 | B19: SNCB | C19: All | D19: 6 | E19: Terminus + Bxl | F19: Train punctuality | G19: No | H19: ? | I19: Official | J19: 0.9172 | K19: 0.906 | L19: =J19-K19 -> 0.0112 | M19: / | N19: /
A20: 2025 | B20: SNCB | C20: IC | D20: 6 | E20: Terminus + Bxl | F20: Train punctuality | G20: No | H20: ? | I20: Official | J20: 0.8982 | K20: 0.889 | L20: =J20-K20 -> 0.0092 | M20: / | N20: /
A21: 2025 | B21: SNCB | C21: IC | D21: 5 | E21: Terminus | F21: Train punctuality | G21: Yes | H21: Yes | I21: Chuuchuu | J21: / | K21: / | L21: / | M21: =INDEX(Table1[Reliability 5min],MATCH($B20,'Pivot table'!$A$6:$A$29,0)) -> 0.85936692 | N21: =INDEX(Table1[Cancellation rate],MATCH($B20,'Pivot table'!$A$6:$A$29,0)) -> 0.020639185
A22: 2025 | B22: SNCF - ART | C22: TGV Inoui | D22: 5 | E22: Terminus | F22: Train punctuality | G22: Not sure (here = no) | H22: / | I22: Official | J22: 0.767 | K22: 0.745 | L22: =J22-K22 -> 0.022 | M22: / | N22: /
A23: 2025 | B23: SNCF - ART | C23: TGV Inoui | D23: 5 | E23: Terminus | F23: Train punctuality | G23: Not sure (here = yes) | H23: / | I23: Official | J23: 0.767 | K23: 0.739 | L23: =J23-K23 -> 0.028 | M23: / | N23: /
A24: 2025 | B24: SNCF | C24: TGV Inoui | D24: Composite | E24: Terminus | F24: Train punctuality | G24: Not sure (here = no) | H24: / | I24: Official | J24: 0.866 | K24: 0.856 | L24: =J24-K24 -> 0.01 | M24: / | N24: /
A25: 2025 | B25: SNCF - ART | C25: Intercités | D25: 5 | E25: Terminus | F25: Train punctuality | G25: Not sure (here = no) | H25: / | I25: Official | J25: 0.72 | K25: 0.684 | L25: =J25-K25 -> 0.036 | M25: / | N25: /
A26: 2025 | B26: SNCF - ART | C26: Intercités | D26: 5 | E26: Terminus | F26: Train punctuality | G26: Not sure (here = yes) | H26: / | I26: Official | J26: 0.72 | K26: 0.67 | L26: =J26-K26 -> 0.05 | M26: / | N26: /
A27: 2025 | B27: SNCF | C27: Intercités | D27: Composite | E27: Terminus | F27: Train punctuality | G27: Yes | H27: / | I27: Official | J27: 0.846 | K27: 0.81 | L27: =J27-K27 -> 0.036 | M27: / | N27: /
A28: 2025 | B28: SNCF | C28: All LD | D28: 5 | E28: Terminus | F28: Train punctuality | G28: Yes | H28: / | I28: Chuuchuu | J28: / | K28: / | L28: / | M28: =INDEX(Table1[Reliability 5min],MATCH($B28,'Pivot table'!$A$6:$A$29,0)) -> 0.84042496 | N28: =INDEX(Table1[Cancellation rate],MATCH($B28,'Pivot table'!$A$6:$A$29,0)) -> 0.011562631
A29: 2025 | B29: Trenitalia | C29: Frecce | D29: 10 | E29: Terminus? | F29: Train punctuality | G29: No? | H29: No | I29: Official | J29: 0.753 | K29: 0.755 | L29: =J29-K29 -> -0.002 | M29: / | N29: /
A30: 2025 | B30: Trenitalia | C30: All LD | D30: 5 | E30: Terminus | F30: Train punctuality | G30: Yes | H30: Yes | I30: Chuuchuu | J30: / | K30: / | L30: / | M30: =INDEX(Table1[Reliability 5min],MATCH($B30,'Pivot table'!$A$6:$A$29,0)) -> 0.63195077 | N30: =INDEX(Table1[Cancellation rate],MATCH($B30,'Pivot table'!$A$6:$A$29,0)) -> 0.020140865
A31: 2025 | B31: Trenitalia France | C31: Paris-Lyon | D31: 5 | E31: Terminus | F31: Train punctuality | G31: Not sure (here = no) | H31: / | I31: Official | J31: 0.835 | K31: 0.831 | L31: =J31-K31 -> 0.004 | M31: / | N31: /
A32: 2025 | B32: Trenitalia France | C32: Paris-Lyon | D32: 5 | E32: Terminus | F32: Train punctuality | G32: Not sure (here = yes) | H32: / | I32: Official | J32: 0.835 | K32: 0.831 | L32: =J32-K32 -> 0.004 | M32: / | N32: /
A33: 2025 | B33: Trenitalia France | C33: All | D33: 5 | E33: Terminus | F33: Train punctuality | G33: Yes | H33: / | I33: Chuuchuu | J33: / | K33: / | L33: / | M33: =INDEX(Table1[Reliability 5min],MATCH($B33,'Pivot table'!$A$6:$A$29,0)) -> 0.7573246 | N33: =INDEX(Table1[Cancellation rate],MATCH($B33,'Pivot table'!$A$6:$A$29,0)) -> 0.0053970702
A35: Penser a verifier données Intercités ART
A36: 2025 | B36: Westbahn | C36: All | D36: 5.5 | E36: Terminus | F36: Train punctuality | G36: Yes | H36: / | I36: Official | J36: 0.8344 | K36: 0.687 | L36: =J36-K36 -> 0.1474 | M36: =INDEX(Table1[Reliability 5min],MATCH($B36,'Pivot table'!$A$6:$A$29,0)) -> 0.9109815 | N36: =INDEX(Table1[Cancellation rate],MATCH($B36,'Pivot table'!$A$6:$A$29,0)) -> 0.0060238084
J38: Official | K38: Chuuchuu
B39: {=_xlfn._xlws.FILTER(B2:K33,J2:J33<>"/")} -> DB | C39: LD | D39: 6 | E39: At all stops | F39: Train punctuality | G39: No | H39: All collaborations on DE network | I39: Official | J39: 0.601 | K39: 0.5882
B40: Eurostar | C40: Routes Belgium | D40: 6 | E40: All network | F40: Train punctuality | G40: No | H40: To ask | I40: Official | J40: 0.8 | K40: 0.772
B41: Eurostar | C41: London routes | D41: 5 | E41: Arriving at St pancras? | F41: Train punctuality | G41: Likely yes? | H41: To ask | I41: Official | J41: 0.731 | K41: 0.744
B42: Eurostar | C42: London routes | D42: 15 | E42: Arriving at St pancras? | F42: Train punctuality | G42: Likely yes? | H42: To ask | I42: Official | J42: 0.833 | K42: 0.824
B43: Eurostar | C43: Continental routes | D43: 15 | E43: All network (except St Pancras) | F43: Train punctuality | G43: Likely yes? | H43: To ask | I43: Official | J43: 0.781 | K43: 0.781
B44: NS | C44: All | D44: 3 | E44: 47 different points on networks | F44: Pax punctuality | G44: Yes | H44: Yes (except ICE trains) | I44: Official | J44: 0.855 | K44: 0.865
B45: NS | C45: All | D45: 10 | E45: 47 different points on networks | F45: Pax punctuality | G45: Yes | H45: Yes (except ICE trains) | I45: Official | J45: 0.953 | K45: 0.936
B46: OEBB | C46: LD | D46: 5min30 | E46: At all stops | F46: Train punctuality | G46: No | H46: Yes | I46: Official | J46: 0.816 | K46: 0.802
B47: Ouigo - ART | C47: HSR | D47: 5 | E47: Terminus | F47: Train punctuality | G47: Not sure (here = no) | H47: / | I47: Official | J47: 0.725 | K47: 0.797
B48: Ouigo - ART | C48: HSR | D48: 5 | E48: Terminus | F48: Train punctuality | G48: Not sure (here = yes) | H48: / | I48: Official | J48: 0.725 | K48: 0.787
B49: SBB | C49: LD | D49: 3 | E49: At all stops | F49: Train punctuality | G49: Yes (short notice cancellations) | H49: Likely | I49: Official | J49: 0.9273 | K49: 0.953
B50: SNCB | C50: All | D50: 6 | E50: Terminus + Bxl | F50: Train punctuality | G50: No | H50: ? | I50: Official | J50: 0.9172 | K50: 0.906
B51: SNCB | C51: IC | D51: 6 | E51: Terminus + Bxl | F51: Train punctuality | G51: No | H51: ? | I51: Official | J51: 0.8982 | K51: 0.889
B52: SNCF - ART | C52: TGV Inoui | D52: 5 | E52: Terminus | F52: Train punctuality | G52: Not sure (here = no) | H52: / | I52: Official | J52: 0.767 | K52: 0.745
B53: SNCF - ART | C53: TGV Inoui | D53: 5 | E53: Terminus | F53: Train punctuality | G53: Not sure (here = yes) | H53: / | I53: Official | J53: 0.767 | K53: 0.739
B54: SNCF | C54: TGV Inoui | D54: Composite | E54: Terminus | F54: Train punctuality | G54: Not sure (here = no) | H54: / | I54: Official | J54: 0.866 | K54: 0.856
B55: SNCF - ART | C55: Intercités | D55: 5 | E55: Terminus | F55: Train punctuality | G55: Not sure (here = no) | H55: / | I55: Official | J55: 0.72 | K55: 0.684
B56: SNCF - ART | C56: Intercités | D56: 5 | E56: Terminus | F56: Train punctuality | G56: Not sure (here = yes) | H56: / | I56: Official | J56: 0.72 | K56: 0.67
B57: SNCF | C57: Intercités | D57: Composite | E57: Terminus | F57: Train punctuality | G57: Yes | H57: / | I57: Official | J57: 0.846 | K57: 0.81
B58: Trenitalia | C58: Frecce | D58: 10 | E58: Terminus? | F58: Train punctuality | G58: No? | H58: No | I58: Official | J58: 0.753 | K58: 0.755
B59: Trenitalia France | C59: Paris-Lyon | D59: 5 | E59: Terminus | F59: Train punctuality | G59: Not sure (here = no) | H59: / | I59: Official | J59: 0.835 | K59: 0.831
B60: Trenitalia France | C60: Paris-Lyon | D60: 5 | E60: Terminus | F60: Train punctuality | G60: Not sure (here = yes) | H60: / | I60: Official | J60: 0.835 | K60: 0.831

Sheet SNCF
A1: Year | B1: Month | C1: operator | D1: Punctuality scope | E1: Joint service | F1: Route type | G1: Journey type | H1: HSR service | I1: Long distance | J1: Night train | K1: N total train | L1: N cancelled train (full cancellation) | M1: N cancelled train (partial cancellation) | N1: N cancelled train (full + partial) | O1: N train delay (> 3 min) | P1: N train delay (> 5 min) | Q1: N train delay (> 6 min) | R1: N train delay (> 10 min) | S1: N train delay (> 15 min) | T1: N train delay (> 30 min) | U1: N train delay (> 60 min) | V1: N train arriving at terminus
A2: 2025 | B2: 1 | C2: SNCF | D2: national network | E2: DB_SNCF | F2: ICE | G2: international | H2: Yes | I2: Yes | J2: No | K2: 574 | L2: 15 | M2: 2 | N2: 17 | O2: 156 | P2: 103 | Q2: 102 | R2: 79 | S2: 62 | T2: 32 | U2: 8 | V2: 558
A3: 2025 | B3: 1 | C3: SNCF | D3: national network | E3: DB_SNCF | F3: TGV | G3: international | H3: Yes | I3: Yes | J3: No | K3: 113 | L3: 0 | M3: 0 | N3: 0 | O3: 24 | P3: 16 | Q3: 15 | R3: 8 | S3: 5 | T3: 3 | U3: 2 | V3: 113
A4: 2025 | B4: 1 | C4: SNCF | D4: national network | E4: DB_SNCF | F4: TGV INOUI | G4: international | H4: Yes | I4: Yes | J4: No | K4: 32 | L4: 0 | M4: 0 | N4: 0 | O4: 7 | P4: 4 | Q4: 4 | R4: 2 | S4: 2 | T4: 0 | U4: 0 | V4: 32
A5: 2025 | B5: 1 | C5: SNCF | D5: national network | E5: OEBB | F5: NJ | G5: international | H5: No | I5: Yes | J5: Yes | K5: 43 | L5: 2 | M5: 0 | N5: 2 | O5: 5 | P5: 5 | Q5: 5 | R5: 5 | S5: 5 | T5: 5 | U5: 1 | V5: 37
A6: 2025 | B6: 1 | C6: SNCF | D6: national network | E6: SBB_SNCF | F6: LYRIA | G6: domestic | H6: Yes | I6: Yes | J6: No | K6: 30 | L6: 0 | M6: 1 | N6: 1 | O6: 14 | P6: 11 | Q6: 11 | R6: 7 | S6: 5 | T6: 4 | U6: 1 | V6: 30
A7: 2025 | B7: 1 | C7: SNCF | D7: national network | E7: SBB_SNCF | F7: LYRIA | G7: international | H7: Yes | I7: Yes | J7: No | K7: 952 | L7: 0 | M7: 2 | N7: 2 | O7: 201 | P7: 126 | Q7: 126 | R7: 102 | S7: 85 | T7: 47 | U7: 21 | V7: 949
A8: 2025 | B8: 1 | C8: SNCF | D8: national network | E8: SBB_SNCF | F8: LYRIA | G8: unknown | H8: Yes | I8: Yes | J8: No | K8: 16 | L8: 0 | M8: 0 | N8: 0 | O8: 0 | P8: 0 | Q8: 0 | R8: 0 | S8: 0 | T8: 0 | U8: 0 | V8: 0
A9: 2025 | B9: 1 | C9: SNCF | D9: national network | E9: SNCB | F9: IC | G9: international | H9: No | I9: Yes | J9: No | K9: 1827 | L9: 4 | M9: 35 | N9: 39 | O9: 156 | P9: 97 | Q9: 75 | R9: 36 | S9: 15 | T9: 1 | U9: 0 | V9: 1823
A10: 2025 | B10: 1 | C10: SNCF | D10: national network | E10: SNCF | F10: ICE | G10: domestic | H10: Yes | I10: Yes | J10: No | K10: 1 | L10: 0 | M10: 0 | N10: 0 | O10: 1 | P10: 1 | Q10: 1 | R10: 0 | S10: 0 | T10: 0 | U10: 0 | V10: 1
A11: 2025 | B11: 1 | C11: SNCF | D11: national network | E11: SNCF | F11: ICE | G11: international | H11: Yes | I11: Yes | J11: No | K11: 26 | L11: 2 | M11: 0 | N11: 2 | O11: 13 | P11: 5 | Q11: 5 | R11: 4 | S11: 3 | T11: 1 | U11: 0 | V11: 24
A12: 2025 | B12: 1 | C12: SNCF | D12: national network | E12: SNCF | F12: ICE | G12: unknown | H12: Yes | I12: Yes | J12: No | K12: 2 | L12: 0 | M12: 0 | N12: 0 | O12: 0 | P12: 0 | Q12: 0 | R12: 0 | S12: 0 | T12: 0 | U12: 0 | V12: 0
A13: 2025 | B13: 1 | C13: SNCF | D13: national network | E13: SNCF | F13: INTERCITES | G13: domestic | H13: No | I13: Yes | J13: No | K13: 1687 | L13: 22 | M13: 38 | N13: 60 | O13: 543 | P13: 367 | Q13: 367 | R13: 279 | S13: 221 | T13: 144 | U13: 63 | V13: 1652
... A232: 2025 | B232: 11 | C232: SNCF | D232: national network | E232: SNCF | F232: TT | G232: unknown | H232: No | I232: No | J232: No | K232: 78 | L232: 0 | M232: 0 | N232: 0 | O232: 0 | P232: 0 | Q232: 0 | R232: 0 | S232: 0 | T232: 0 | U232: 0 | V232: 0
A233: 2025 | B233: 11 | C233: SNCF | D233: national network | E233: SNCF | G233: domestic | H233: No | I233: No | J233: No | K233: 15 | L233: 0 | M233: 0 | N233: 0 | O233: 0 | P233: 0 | Q233: 0 | R233: 0 | S233: 0 | T233: 0 | U233: 0 | V233: 15
A234: 2025 | B234: 11 | C234: SNCF | D234: national network | E234: SNCF | G234: unknown | H234: No | I234: No | J234: No | K234: 8 | L234: 0 | M234: 0 | N234: 0 | O234: 0 | P234: 0 | Q234: 0 | R234: 0 | S234: 0 | T234: 0 | U234: 0 | V234: 0
A235: 2025 | B235: 12 | C235: SNCF | D235: national network | E235: DB_SNCF | F235: ICE | G235: international | H235: Yes | I235: Yes | J235: No | K235: 669 | L235: 4 | M235: 4 | N235: 8 | O235: 252 | P235: 188 | Q235: 177 | R235: 144 | S235: 112 | T235: 51 | U235: 20 | V235: 663
A236: 2025 | B236: 12 | C236: SNCF | D236: national network | E236: DB_SNCF | F236: OUI | G236: international | H236: Yes | I236: Yes | J236: No | K236: 10 | L236: 0 | M236: 0 | N236: 0 | O236: 3 | P236: 2 | Q236: 2 | R236: 2 | S236: 1 | T236: 0 | U236: 0 | V236: 10
A237: 2025 | B237: 12 | C237: SNCF | D237: national network | E237: DB_SNCF | F237: TGV | G237: international | H237: Yes | I237: Yes | J237: No | K237: 99 | L237: 2 | M237: 1 | N237: 3 | O237: 46 | P237: 39 | Q237: 38 | R237: 33 | S237: 20 | T237: 7 | U237: 1 | V237: 97
A238: 2025 | B238: 12 | C238: SNCF | D238: national network | E238: DB_SNCF | F238: TGV INOUI | G238: international | H238: Yes | I238: Yes | J238: No | K238: 34 | L238: 0 | M238: 0 | N238: 0 | O238: 5 | P238: 2 | Q238: 2 | R238: 0 | S238: 0 | T238: 0 | U238: 0 | V238: 34
A239: 2025 | B239: 12 | C239: SNCF | D239: national network | E239: OEBB | F239: NJ | G239: international | H239: No | I239: Yes | J239: Yes | K239: 12 | L239: 0 | M239: 2 | N239: 2 | O239: 2 | P239: 2 | Q239: 2 | R239: 2 | S239: 0 | T239: 0 | U239: 0 | V239: 10
A240: 2025 | B240: 12 | C240: SNCF | D240: national network | E240: SBB_SNCF | F240: LYR | G240: international | H240: Yes | I240: Yes | J240: No | K240: 93 | L240: 0 | M240: 1 | N240: 1 | O240: 21 | P240: 11 | Q240: 11 | R240: 11 | S240: 6 | T240: 2 | U240: 0 | V240: 93
A241: 2025 | B241: 12 | C241: SNCF | D241: national network | E241: SBB_SNCF | F241: LYRIA | G241: domestic | H241: Yes | I241: Yes | J241: No | K241: 25 | L241: 0 | M241: 0 | N241: 0 | O241: 25 | P241: 25 | Q241: 25 | R241: 23 | S241: 20 | T241: 13 | U241: 3 | V241: 25
A242: 2025 | B242: 12 | C242: SNCF | D242: national network | E242: SBB_SNCF | F242: LYRIA | G242: international | H242: Yes | I242: Yes | J242: No | K242: 843 | L242: 0 | M242: 0 | N242: 0 | O242: 76 | P242: 38 | Q242: 36 | R242: 32 | S242: 28 | T242: 13 | U242: 2 | V242: 843
A243: 2025 | B243: 12 | C243: SNCF | D243: national network | E243: SBB_SNCF | F243: LYRIA | G243: unknown | H243: Yes | I243: Yes | J243: No | K243: 9 | L243: 0 | M243: 0 | N243: 0 | O243: 0 | P243: 0 | Q243: 0 | R243: 0 | S243: 0 | T243: 0 | U243: 0 | V243: 0
A244: 2025 | B244: 12 | C244: SNCF | D244: national network | E244: SNCB | F244: IC | G244: international | H244: No | I244: Yes | J244: No | K244: 785 | L244: 6 | M244: 0 | N244: 6 | O244: 2 | P244: 2 | Q244: 2 | R244: 1 | S244: 1 | T244: 1 | U244: 0 | V244: 779
A245: 2025 | B245: 12 | C245: SNCF | D245: national network | E245: SNCB_SNCF | F245: IC | G245: international | H245: No | I245: Yes | J245: No | K245: 4 | L245: 0 | M245: 0 | N245: 0 | O245: 3 | P245: 0 | Q245: 0 | R245: 0 | S245: 0 | T245: 0 | U245: 0 | V245: 4
A246: 2025 | B246: 12 | C246: SNCF | D246: national network | E246: SNCB_SNCF | F246: TER | G246: international | H246: No | I246: No | J246: No | K246: 327 | L246: 0 | M246: 1 | N246: 1 | O246: 51 | P246: 11 | Q246: 11 | R246: 6 | S246: 1 | T246: 0 | U246: 0 | V246: 327
... A289: 2025 | B289: 12 | C289: SNCF | D289: national network | E289: Trenitalia | F289: EXP | G289: international | H289: No | I289: Yes | J289: No | K289: 2 | L289: 2 | M289: 0 | N289: 2 | O289: 0 | P289: 0 | Q289: 0 | R289: 0 | S289: 0 | T289: 0 | U289: 0 | V289: 0

Sheet DB
A1: Year | B1: Month | C1: operator | D1: Punctuality scope | E1: Joint service | F1: Route type | G1: Journey type | H1: HSR service | I1: Long distance | J1: Night train | K1: N total train | L1: N cancelled train (full cancellation) | M1: N cancelled train (partial cancellation) | N1: N cancelled train (full + partial) | O1: N train delay (> 3 min) | P1: N train delay (> 5 min) | Q1: N train delay (> 6 min) | R1: N train delay (> 10 min) | S1: N train delay (> 15 min) | T1: N train delay (> 30 min) | U1: N train delay (> 60 min) | V1: N train arriving at terminus
A2: 2025 | B2: 1 | C2: DB | D2: national network | E2: Ceske Drahy | F2: EN | G2: international | H2: No | I2: Yes | J2: Yes | K2: 12 | L2: 0 | M2: 0 | N2: 0 | O2: 4 | P2: 2 | Q2: 2 | R2: 2 | S2: 2 | T2: 2 | U2: 1 | V2: 12
A3: 2025 | B3: 1 | C3: DB | D3: national network | E3: Ceske Drahy_DB | F3: EC | G3: international | H3: No | I3: Yes | J3: No | K3: 299 | L3: 2 | M3: 12 | N3: 14 | O3: 85 | P3: 59 | Q3: 52 | R3: 36 | S3: 26 | T3: 10 | U3: 5 | V3: 293
A4: 2025 | B4: 1 | C4: DB | D4: national network | E4: Ceske Drahy_DB | F4: EN | G4: international | H4: No | I4: Yes | J4: Yes | K4: 2 | L4: 0 | M4: 0 | N4: 0 | O4: 0 | P4: 0 | Q4: 0 | R4: 0 | S4: 0 | T4: 0 | U4: 0 | V4: 2
A5: 2025 | B5: 1 | C5: DB | D5: national network | E5: Ceske Drahy_DB_MAV | F5: EC | G5: international | H5: No | I5: Yes | J5: No | K5: 8 | L5: 0 | M5: 0 | N5: 0 | O5: 2 | P5: 2 | Q5: 1 | R5: 1 | S5: 1 | T5: 0 | U5: 0 | V5: 8
A6: 2025 | B6: 1 | C6: DB | D6: national network | E6: Ceske Drahy_DB_MAV_ZSSK | F6: EC | G6: international | H6: No | I6: Yes | J6: No | K6: 52 | L6: 0 | M6: 4 | N6: 4 | O6: 19 | P6: 16 | Q6: 15 | R6: 10 | S6: 9 | T6: 4 | U6: 1 | V6: 50
A7: 2025 | B7: 1 | C7: DB | D7: national network | E7: Ceske Drahy_DB_MAV_ZSSK | F7: EN | G7: international | H7: No | I7: Yes | J7: Yes | K7: 48 | L7: 2 | M7: 0 | N7: 2 | O7: 12 | P7: 11 | Q7: 10 | R7: 9 | S7: 7 | T7: 2 | U7: 1 | V7: 43
A8: 2025 | B8: 1 | C8: DB | D8: national network | E8: Ceske Drahy_DB_OEBB | F8: RJ | G8: international | H8: No | I8: Yes | J8: No | K8: 60 | L8: 1 | M8: 5 | N8: 6 | O8: 13 | P8: 9 | Q8: 9 | R8: 6 | S8: 6 | T8: 2 | U8: 1 | V8: 54
A9: 2025 | B9: 1 | C9: DB | D9: national network | E9: Ceske Drahy_DB_OEBB_PKP | F9: EN | G9: domestic | H9: No | I9: Yes | J9: Yes | K9: 5 | L9: 0 | M9: 0 | N9: 0 | O9: 4 | P9: 4 | Q9: 4 | R9: 4 | S9: 3 | T9: 0 | U9: 0 | V9: 5
A10: 2025 | B10: 1 | C10: DB | D10: national network | E10: Ceske Drahy_DB_OEBB_PKP | F10: EN | G10: international | H10: No | I10: Yes | J10: Yes | K10: 7 | L10: 0 | M10: 0 | N10: 0 | O10: 1 | P10: 0 | Q10: 0 | R10: 0 | S10: 0 | T10: 0 | U10: 0 | V10: 7
A11: 2025 | B11: 1 | C11: DB | D11: national network | E11: Ceske Drahy_DB_OEBB_PKP | F11: IC | G11: international | H11: No | I11: Yes | J11: No | K11: 14 | L11: 0 | M11: 0 | N11: 0 | O11: 6 | P11: 5 | Q11: 5 | R11: 3 | S11: 3 | T11: 1 | U11: 1 | V11: 14
A12: 2025 | B12: 1 | C12: DB | D12: national network | E12: Ceske Drahy_DB_PKP | F12: EN | G12: international | H12: No | I12: Yes | J12: Yes | K12: 30 | L12: 0 | M12: 1 | N12: 1 | O12: 13 | P12: 11 | Q12: 9 | R12: 6 | S12: 4 | T12: 2 | U12: 0 | V12: 30
A13: 2025 | B13: 1 | C13: DB | D13: national network | E13: Ceske Drahy_DB_SBB | F13: EC | G13: international | H13: No | I13: Yes | J13: No | K13: 58 | L13: 0 | M13: 0 | N13: 0 | O13: 19 | P13: 16 | Q13: 14 | R13: 12 | S13: 10 | T13: 6 | U13: 4 | V13: 58
... A688: 2025 | B688: 12 | C688: DB | D688: national network | E688: SNCF | F688: TGV INOUI | G688: international | H688: Yes | I688: Yes | J688: No | K688: 3 | L688: 0 | M688: 0 | N688: 0 | O688: 2 | P688: 2 | Q688: 2 | R688: 2 | S688: 2 | T688: 0 | U688: 0 | V688: 3

Sheet NS
A1: Year | B1: Month | C1: operator | D1: Punctuality scope | E1: Joint service | F1: Route type | G1: Journey type | H1: HSR service | I1: Long distance | J1: Night train | K1: N total train | L1: N cancelled train (full cancellation) | M1: N cancelled train (partial cancellation) | N1: N cancelled train (full + partial) | O1: N train delay (> 3 min) | P1: N train delay (> 5 min) | Q1: N train delay (> 6 min) | R1: N train delay (> 10 min) | S1: N train delay (> 15 min) | T1: N train delay (> 30 min) | U1: N train delay (> 60 min) | V1: N train arriving at terminus
A2: 2025 | B2: 1 | C2: NS | D2: national network | E2: DB | F2: IC | G2: international | H2: No | I2: Yes | J2: No | K2: 390 | L2: 36 | M2: 5 | N2: 41 | O2: 159 | P2: 148 | Q2: 142 | R2: 132 | S2: 102 | T2: 53 | U2: 13 | V2: 349
A3: 2025 | B3: 1 | C3: NS | D3: national network | E3: DB | F3: ICE | G3: domestic | H3: Yes | I3: Yes | J3: No | K3: 1 | L3: 0 | M3: 0 | N3: 0 | O3: 0 | P3: 0 | Q3: 0 | R3: 0 | S3: 0 | T3: 0 | U3: 0 | V3: 1
A4: 2025 | B4: 1 | C4: NS | D4: national network | E4: DB_NS | F4: ICE | G4: international | H4: Yes | I4: Yes | J4: No | K4: 447 | L4: 0 | M4: 7 | N4: 7 | O4: 169 | P4: 153 | Q4: 149 | R4: 138 | S4: 110 | T4: 46 | U4: 8 | V4: 444
A5: 2025 | B5: 1 | C5: NS | D5: national network | E5: DB_SBB | F5: IC | G5: international | H5: No | I5: Yes | J5: No | K5: 31 | L5: 0 | M5: 1 | N5: 1 | O5: 12 | P5: 11 | Q5: 11 | R5: 11 | S5: 8 | T5: 4 | U5: 0 | V5: 31
A6: 2025 | B6: 1 | C6: NS | D6: national network | E6: NS | F6: IC | G6: domestic | H6: No | I6: Yes | J6: No | K6: 36369 | L6: 0 | M6: 4032 | N6: 4032 | O6: 4646 | P6: 2464 | Q6: 1951 | R6: 953 | S6: 416 | T6: 42 | U6: 4 | V6: 33189
A7: 2025 | B7: 1 | C7: NS | D7: national network | E7: NS | F7: IC | G7: unknown | H7: No | I7: Yes | J7: No | K7: 1 | L7: 0 | M7: 0 | N7: 0 | O7: 0 | P7: 0 | Q7: 0 | R7: 0 | S7: 0 | T7: 0 | U7: 0 | V7: 0
A8: 2025 | B8: 1 | C8: NS | D8: national network | E8: NS | F8: ICD | G8: domestic | H8: No | I8: Yes | J8: No | K8: 3640 | L8: 0 | M8: 931 | N8: 931 | O8: 508 | P8: 328 | Q8: 276 | R8: 169 | S8: 74 | T8: 9 | U8: 1 | V8: 2943
A9: 2025 | B9: 1 | C9: NS | D9: national network | E9: NS | F9: NT | G9: domestic | H9: No | I9: Yes | J9: Yes | K9: 8 | L9: 0 | M9: 0 | N9: 0 | O9: 6 | P9: 4 | Q9: 3 | R9: 3 | S9: 2 | T9: 0 | U9: 0 | V9: 8
A10: 2025 | B10: 1 | C10: NS | D10: national network | E10: NS | F10: S | G10: domestic | H10: No | I10: No | J10: No | K10: 4191 | L10: 0 | M10: 50 | N10: 50 | O10: 338 | P10: 173 | Q10: 131 | R10: 57 | S10: 27 | T10: 1 | U10: 0 | V10: 4145
A11: 2025 | B11: 1 | C11: NS | D11: national network | E11: NS | F11: S | G11: international | H11: No | I11: No | J11: No | K11: 6 | L11: 5 | M11: 1 | N11: 6 | O11: 0 | P11: 0 | Q11: 0 | R11: 0 | S11: 0 | T11: 0 | U11: 0 | V11: 0
A12: 2025 | B12: 1 | C12: NS | D12: national network | E12: NS | F12: SPR | G12: domestic | H12: No | I12: No | J12: No | K12: 77886 | L12: 0 | M12: 3998 | N12: 3998 | O12: 5630 | P12: 2665 | Q12: 1981 | R12: 817 | S12: 317 | T12: 23 | U12: 0 | V12: 74806
A13: 2025 | B13: 1 | C13: NS | D13: national network | E13: NS | F13: ST | G13: domestic | H13: No | I13: No | J13: No | K13: 40640 | L13: 0 | M13: 1124 | N13: 1124 | O13: 3027 | P13: 1109 | Q13: 757 | R13: 276 | S13: 118 | T13: 8 | U13: 0 | V13: 39793
... A164: 2025 | B164: 12 | C164: NS | D164: national network | E164: OEBB | F164: NJ | G164: international | H164: No | I164: Yes | J164: Yes | K164: 186 | L164: 5 | M164: 0 | N164: 5 | O164: 104 | P164: 87 | Q164: 82 | R164: 68 | S164: 57 | T164: 43 | U164: 20 | V164: 181

Sheet OEBB
A1: Year | B1: Month | C1: operator | D1: Punctuality scope | E1: Joint service | F1: Route type | G1: Journey type | H1: HSR service | I1: Long distance | J1: Night train | K1: N total train | L1: N cancelled train (full cancellation) | M1: N cancelled train (partial cancellation) | N1: N cancelled train (full + partial) | O1: N train delay (> 3 min) | P1: N train delay (> 5 min) | Q1: N train delay (> 6 min) | R1: N train delay (> 10 min) | S1: N train delay (> 15 min) | T1: N train delay (> 30 min) | U1: N train delay (> 60 min) | V1: N train arriving at terminus
A2: 2025 | B2: 1 | C2: OEBB | D2: national network | E2: CFR_MAV_OEBB | F2: D | G2: international | H2: No | I2: Yes | J2: No | K2: 5 | L2: 0 | M2: 0 | N2: 0 | O2: 0 | P2: 0 | Q2: 0 | R2: 0 | S2: 0 | T2: 0 | U2: 0 | V2: 5
A3: 2025 | B3: 1 | C3: OEBB | D3: national network | E3: CFR_MAV_OEBB | F3: EC | G3: international | H3: No | I3: Yes | J3: No | K3: 15 | L3: 0 | M3: 0 | N3: 0 | O3: 0 | P3: 0 | Q3: 0 | R3: 0 | S3: 0 | T3: 0 | U3: 0 | V3: 0
A4: 2025 | B4: 1 | C4: OEBB | D4: national network | E4: Ceske Drahy_DB_OEBB | F4: RJ | G4: international | H4: No | I4: Yes | J4: No | K4: 60 | L4: 2 | M4: 0 | N4: 2 | O4: 2 | P4: 2 | Q4: 2 | R4: 1 | S4: 1 | T4: 1 | U4: 0 | V4: 58
A5: 2025 | B5: 1 | C5: OEBB | D5: national network | E5: Ceske Drahy_DB_OEBB_PKP | F5: EN | G5: domestic | H5: No | I5: Yes | J5: Yes | K5: 5 | L5: 0 | M5: 0 | N5: 0 | O5: 1 | P5: 1 | Q5: 1 | R5: 1 | S5: 1 | T5: 0 | U5: 0 | V5: 5
A6: 2025 | B6: 1 | C6: OEBB | D6: national network | E6: Ceske Drahy_DB_OEBB_PKP | F6: EN | G6: international | H6: No | I6: Yes | J6: Yes | K6: 7 | L6: 0 | M6: 0 | N6: 0 | O6: 0 | P6: 0 | Q6: 0 | R6: 0 | S6: 0 | T6: 0 | U6: 0 | V6: 7
A7: 2025 | B7: 1 | C7: OEBB | D7: national network | E7: Ceske Drahy_DB_OEBB_PKP | F7: IC | G7: international | H7: No | I7: Yes | J7: No | K7: 14 | L7: 0 | M7: 0 | N7: 0 | O7: 2 | P7: 2 | Q7: 2 | R7: 2 | S7: 2 | T7: 1 | U7: 1 | V7: 14
A8: 2025 | B8: 1 | C8: OEBB | D8: national network | E8: Ceske Drahy_DB_PKP | F8: EN | G8: international | H8: No | I8: Yes | J8: Yes | K8: 30 | L8: 0 | M8: 0 | N8: 0 | O8: 6 | P8: 5 | Q8: 5 | R8: 5 | S8: 3 | T8: 2 | U8: 1 | V8: 29
A9: 2025 | B9: 1 | C9: OEBB | D9: national network | E9: Ceske Drahy_MAV_OEBB | F9: IC | G9: international | H9: No | I9: Yes | J9: No | K9: 96 | L9: 0 | M9: 0 | N9: 0 | O9: 0 | P9: 0 | Q9: 0 | R9: 0 | S9: 0 | T9: 0 | U9: 0 | V9: 96
A10: 2025 | B10: 1 | C10: OEBB | D10: national network | E10: Ceske Drahy_OEBB | F10: EC | G10: international | H10: No | I10: Yes | J10: No | K10: 190 | L10: 0 | M10: 0 | N10: 0 | O10: 28 | P10: 15 | Q10: 12 | R10: 8 | S10: 4 | T10: 1 | U10: 0 | V10: 190
A11: 2025 | B11: 1 | C11: OEBB | D11: national network | E11: Ceske Drahy_OEBB | F11: IC | G11: international | H11: No | I11: Yes | J11: No | K11: 4 | L11: 0 | M11: 0 | N11: 0 | O11: 0 | P11: 0 | Q11: 0 | R11: 0 | S11: 0 | T11: 0 | U11: 0 | V11: 4
A12: 2025 | B12: 1 | C12: OEBB | D12: national network | E12: Ceske Drahy_OEBB | F12: RJ | G12: international | H12: No | I12: Yes | J12: No | K12: 382 | L12: 1 | M12: 2 | N12: 3 | O12: 108 | P12: 87 | Q12: 83 | R12: 51 | S12: 36 | T12: 11 | U12: 2 | V12: 381
A13: 2025 | B13: 1 | C13: OEBB | D13: national network | E13: Ceske Drahy_OEBB_PKP | F13: EC | G13: international | H13: No | I13: Yes | J13: No | K13: 79 | L13: 0 | M13: 0 | N13: 0 | O13: 44 | P13: 36 | Q13: 29 | R13: 22 | S13: 21 | T13: 7 | U13: 3 | V13: 79
... A648: 2025 | B648: 12 | C648: OEBB | D648: national network | E648: OEBB_ZSSK | F648: EC | G648: international | H648: No | I648: Yes | J648: No | K648: 18 | L648: 0 | M648: 0 | N648: 0 | O648: 9 | P648: 6 | Q648: 6 | R648: 5 | S648: 5 | T648: 1 | U648: 0 | V648: 18

Sheet SBB
A1: Year | B1: Month | C1: operator | D1: Punctuality scope | E1: Joint service | F1: Route type | G1: Journey type | H1: HSR service | I1: Long distance | J1: Night train | K1: N total train | L1: N cancelled train (full cancellation) | M1: N cancelled train (partial cancellation) | N1: N cancelled train (full + partial) | O1: N train delay (> 3 min) | P1: N train delay (> 5 min) | Q1: N train delay (> 6 min) | R1: N train delay (> 10 min) | S1: N train delay (> 15 min) | T1: N train delay (> 30 min) | U1: N train delay (> 60 min) | V1: N train arriving at terminus
A2: 2025 | B2: 1 | C2: SBB | D2: national network | E2: Ceske Drahy | F2: EN | G2: international | H2: No | I2: Yes | J2: Yes | K2: 12 | L2: 0 | M2: 0 | N2: 0 | O2: 3 | P2: 0 | Q2: 0 | R2: 0 | S2: 0 | T2: 0 | U2: 0 | V2: 12
A3: 2025 | B3: 1 | C3: SBB | D3: national network | E3: Ceske Drahy_DB | F3: EN | G3: international | H3: No | I3: Yes | J3: Yes | K3: 1 | L3: 0 | M3: 0 | N3: 0 | O3: 0 | P3: 0 | Q3: 0 | R3: 0 | S3: 0 | T3: 0 | U3: 0 | V3: 1
A4: 2025 | B4: 1 | C4: SBB | D4: national network | E4: Ceske Drahy_DB_SBB | F4: EC | G4: international | H4: No | I4: Yes | J4: No | K4: 58 | L4: 0 | M4: 0 | N4: 0 | O4: 14 | P4: 6 | Q4: 5 | R4: 5 | S4: 3 | T4: 3 | U4: 3 | V4: 58
A5: 2025 | B5: 1 | C5: SBB | D5: national network | E5: Ceske Drahy_DB_SBB | F5: EN | G5: international | H5: No | I5: Yes | J5: Yes | K5: 46 | L5: 0 | M5: 0 | N5: 0 | O5: 10 | P5: 6 | Q5: 5 | R5: 5 | S5: 3 | T5: 3 | U5: 3 | V5: 46
A6: 2025 | B6: 1 | C6: SBB | D6: national network | E6: DB | F6: ECE | G6: domestic | H6: No | I6: Yes | J6: No | K6: 1 | L6: 0 | M6: 0 | N6: 0 | O6: 0 | P6: 0 | Q6: 0 | R6: 0 | S6: 0 | T6: 0 | U6: 0 | V6: 1
A7: 2025 | B7: 1 | C7: SBB | D7: national network | E7: DB | F7: ECE | G7: international | H7: No | I7: Yes | J7: No | K7: 1 | L7: 0 | M7: 0 | N7: 0 | O7: 0 | P7: 0 | Q7: 0 | R7: 0 | S7: 0 | T7: 0 | U7: 0 | V7: 1
A8: 2025 | B8: 1 | C8: SBB | D8: national network | E8: DB | F8: IC | G8: international | H8: No | I8: Yes | J8: No | K8: 167 | L8: 3 | M8: 1 | N8: 4 | O8: 30 | P8: 24 | Q8: 21 | R8: 13 | S8: 12 | T8: 6 | U8: 6 | V8: 163
A9: 2025 | B9: 1 | C9: SBB | D9: national network | E9: DB | F9: IC | G9: unknown | H9: No | I9: Yes | J9: No | K9: 1 | L9: 0 | M9: 0 | N9: 0 | O9: 0 | P9: 0 | Q9: 0 | R9: 0 | S9: 0 | T9: 0 | U9: 0 | V9: 0
A10: 2025 | B10: 1 | C10: SBB | D10: national network | E10: DB | F10: ICE | G10: domestic | H10: Yes | I10: Yes | J10: No | K10: 2 | L10: 0 | M10: 0 | N10: 0 | O10: 1 | P10: 0 | Q10: 0 | R10: 0 | S10: 0 | T10: 0 | U10: 0 | V10: 2
A11: 2025 | B11: 1 | C11: SBB | D11: national network | E11: DB_OEBB_SBB | F11: EC | G11: domestic | H11: No | I11: Yes | J11: No | K11: 1 | L11: 0 | M11: 0 | N11: 0 | O11: 1 | P11: 0 | Q11: 0 | R11: 0 | S11: 0 | T11: 0 | U11: 0 | V11: 1
A12: 2025 | B12: 1 | C12: SBB | D12: national network | E12: DB_OEBB_SBB | F12: EC | G12: international | H12: No | I12: Yes | J12: No | K12: 277 | L12: 1 | M12: 4 | N12: 5 | O12: 34 | P12: 19 | Q12: 16 | R12: 6 | S12: 3 | T12: 1 | U12: 0 | V12: 275
A13: 2025 | B13: 1 | C13: SBB | D13: national network | E13: DB_SBB | F13: EC | G13: international | H13: No | I13: Yes | J13: No | K13: 122 | L13: 5 | M13: 19 | N13: 24 | O13: 24 | P13: 16 | Q13: 15 | R13: 8 | S13: 6 | T13: 2 | U13: 0 | V13: 98
... A402: 2025 | B402: 12 | C402: SBB | D402: national network | E402: SNCF | F402: LYR | G402: international | H402: Yes | I402: Yes | J402: No | K402: 31 | L402: 0 | M402: 0 | N402: 0 | O402: 6 | P402: 4 | Q402: 4 | R402: 3 | S402: 2 | T402: 1 | U402: 1 | V402: 31

Sheet SNCB
A1: Year | B1: Month | C1: operator | D1: Punctuality scope | E1: Joint service | F1: Route type | G1: Journey type | H1: HSR service | I1: Long distance | J1: Night train | K1: N total train | L1: N cancelled train (full cancellation) | M1: N cancelled train (partial cancellation) | N1: N cancelled train (full + partial) | O1: N train delay (> 3 min) | P1: N train delay (> 5 min) | Q1: N train delay (> 6 min) | R1: N train delay (> 10 min) | S1: N train delay (> 15 min) | T1: N train delay (> 30 min) | U1: N train delay (> 60 min) | V1: N train arriving at terminus
A2: 2025 | B2: 1 | C2: SNCB | D2: national network | E2: DB_SNCB | F2: ICE | G2: international | H2: Yes | I2: Yes | J2: No | K2: 427 | L2: 8 | M2: 15 | N2: 23 | O2: 154 | P2: 123 | Q2: 110 | R2: 76 | S2: 47 | T2: 19 | U2: 3 | V2: 413
A3: 2025 | B3: 1 | C3: SNCB | D3: national network | E3: NS_SNCB | F3: EUROCITY | G3: international | H3: No | I3: No | J3: No | K3: 375 | L3: 4 | M3: 8 | N3: 12 | O3: 85 | P3: 60 | Q3: 50 | R3: 25 | S3: 14 | T3: 1 | U3: 0 | V3: 364
A4: 2025 | B4: 1 | C4: SNCB | D4: national network | E4: NS_SNCB | F4: EUROCITY DIRECT | G4: international | H4: No | I4: No | J4: No | K4: 381 | L4: 15 | M4: 2 | N4: 17 | O4: 96 | P4: 61 | Q4: 48 | R4: 25 | S4: 12 | T4: 3 | U4: 0 | V4: 366
A5: 2025 | B5: 1 | C5: SNCB | D5: national network | E5: OEBB | F5: NJ | G5: domestic | H5: No | I5: Yes | J5: Yes | K5: 3 | L5: 0 | M5: 0 | N5: 0 | O5: 1 | P5: 1 | Q5: 1 | R5: 1 | S5: 1 | T5: 0 | U5: 0 | V5: 3
A6: 2025 | B6: 1 | C6: SNCB | D6: national network | E6: OEBB | F6: NJ | G6: international | H6: No | I6: Yes | J6: Yes | K6: 47 | L6: 6 | M6: 0 | N6: 6 | O6: 12 | P6: 8 | Q6: 8 | R6: 6 | S6: 4 | T6: 1 | U6: 0 | V6: 39
A7: 2025 | B7: 1 | C7: SNCB | D7: national network | E7: SNCB | F7: IC | G7: domestic | H7: No | I7: Yes | J7: No | K7: 28401 | L7: 97 | M7: 494 | N7: 591 | O7: 5699 | P7: 3421 | Q7: 2732 | R7: 1258 | S7: 651 | T7: 117 | U7: 7 | V7: 27977
A8: 2025 | B8: 1 | C8: SNCB | D8: national network | E8: SNCB | F8: IC | G8: international | H8: No | I8: Yes | J8: No | K8: 3237 | L8: 16 | M8: 47 | N8: 63 | O8: 536 | P8: 313 | Q8: 263 | R8: 133 | S8: 80 | T8: 19 | U8: 2 | V8: 3179
A9: 2025 | B9: 1 | C9: SNCB | D9: national network | E9: SNCB | F9: IC | G9: unknown | H9: No | I9: Yes | J9: No | K9: 2 | L9: 0 | M9: 0 | N9: 0 | O9: 0 | P9: 0 | Q9: 0 | R9: 0 | S9: 0 | T9: 0 | U9: 0 | V9: 0
A10: 2025 | B10: 1 | C10: SNCB | D10: national network | E10: SNCB | F10: L | G10: domestic | H10: No | I10: No | J10: No | K10: 17849 | L10: 39 | M10: 114 | N10: 153 | O10: 3093 | P10: 1671 | Q10: 1299 | R10: 509 | S10: 238 | T10: 39 | U10: 3 | V10: 17754
A11: 2025 | B11: 1 | C11: SNCB | D11: national network | E11: SNCB | F11: L | G11: international | H11: No | I11: No | J11: No | K11: 5286 | L11: 14 | M11: 25 | N11: 39 | O11: 384 | P11: 195 | Q11: 153 | R11: 46 | S11: 23 | T11: 6 | U11: 0 | V11: 5272
A12: 2025 | B12: 1 | C12: SNCB | D12: national network | E12: SNCB | F12: P | G12: domestic | H12: No | I12: No | J12: No | K12: 5107 | L12: 52 | M12: 24 | N12: 76 | O12: 1146 | P12: 652 | Q12: 509 | R12: 237 | S12: 127 | T12: 28 | U12: 2 | V12: 5038
A13: 2025 | B13: 1 | C13: SNCB | D13: national network | E13: SNCB | F13: P | G13: international | H13: No | I13: No | J13: No | K13: 265 | L13: 4 | M13: 3 | N13: 7 | O13: 29 | P13: 14 | Q13: 10 | R13: 5 | S13: 4 | T13: 0 | U13: 0 | V13: 260
... A195: 2025 | B195: 12 | C195: SNCB | D195: national network | E195: SNCF | F195: TGV INOUI | G195: unknown | H195: Yes | I195: Yes | J195: No | K195: 3 | L195: 0 | M195: 0 | N195: 0 | O195: 0 | P195: 0 | Q195: 0 | R195: 0 | S195: 0 | T195: 0 | U195: 0 | V195: 0

Sheet Trenitalia
A1: Year | B1: Month | C1: operator | D1: Punctuality scope | E1: Joint service | F1: Route type | G1: Journey type | H1: HSR service | I1: Long distance | J1: Night train | K1: N total train | L1: N cancelled train (full cancellation) | M1: N cancelled train (partial cancellation) | N1: N cancelled train (full + partial) | O1: N train delay (> 3 min) | P1: N train delay (> 5 min) | Q1: N train delay (> 6 min) | R1: N train delay (> 10 min) | S1: N train delay (> 15 min) | T1: N train delay (> 30 min) | U1: N train delay (> 60 min) | V1: N train arriving at terminus
A2: 2025 | B2: 1 | C2: Trenitalia | D2: national network | E2: DB_HZ_OEBB_Trenitalia | F2: EN | G2: international | H2: No | I2: Yes | J2: Yes | K2: 1 | L2: 0 | M2: 0 | N2: 0 | O2: 0 | P2: 0 | Q2: 0 | R2: 0 | S2: 0 | T2: 0 | U2: 0 | V2: 1
A3: 2025 | B3: 1 | C3: Trenitalia | D3: national network | E3: DB_OEBB | F3: RJ | G3: international | H3: No | I3: Yes | J3: No | K3: 13 | L3: 0 | M3: 0 | N3: 0 | O3: 4 | P3: 4 | Q3: 4 | R3: 2 | S3: 2 | T3: 0 | U3: 0 | V3: 13
A4: 2025 | B4: 1 | C4: Trenitalia | D4: national network | E4: DB_OEBB_Trenitalia | F4: EC | G4: international | H4: No | I4: No | J4: No | K4: 284 | L4: 0 | M4: 6 | N4: 6 | O4: 115 | P4: 100 | Q4: 92 | R4: 77 | S4: 63 | T4: 33 | U4: 15 | V4: 278
A5: 2025 | B5: 1 | C5: Trenitalia | D5: national network | E5: DB_OEBB_Trenitalia | F5: RJ | G5: international | H5: No | I5: Yes | J5: No | K5: 4 | L5: 0 | M5: 0 | N5: 0 | O5: 3 | P5: 3 | Q5: 3 | R5: 3 | S5: 3 | T5: 2 | U5: 1 | V5: 4
A6: 2025 | B6: 1 | C6: Trenitalia | D6: national network | E6: DB_SBB_Trenitalia | F6: EC | G6: international | H6: No | I6: No | J6: No | K6: 31 | L6: 0 | M6: 0 | N6: 0 | O6: 19 | P6: 19 | Q6: 14 | R6: 10 | S6: 4 | T6: 1 | U6: 0 | V6: 31
A7: 2025 | B7: 1 | C7: Trenitalia | D7: national network | E7: OEBB | F7: NJ | G7: domestic | H7: No | I7: Yes | J7: Yes | K7: 52 | L7: 0 | M7: 0 | N7: 0 | O7: 18 | P7: 16 | Q7: 16 | R7: 14 | S7: 14 | T7: 7 | U7: 5 | V7: 52
A8: 2025 | B8: 1 | C8: Trenitalia | D8: national network | E8: OEBB | F8: NJ | G8: international | H8: No | I8: Yes | J8: Yes | K8: 169 | L8: 1 | M8: 9 | N8: 10 | O8: 20 | P8: 19 | Q8: 17 | R8: 16 | S8: 15 | T8: 10 | U8: 4 | V8: 156
A9: 2025 | B9: 1 | C9: Trenitalia | D9: national network | E9: OEBB | F9: RJ | G9: international | H9: No | I9: Yes | J9: No | K9: 121 | L9: 0 | M9: 0 | N9: 0 | O9: 8 | P9: 7 | Q9: 6 | R9: 6 | S9: 4 | T9: 2 | U9: 1 | V9: 121
A10: 2025 | B10: 1 | C10: Trenitalia | D10: national network | E10: OEBB | F10: RJX | G10: international | H10: Yes | I10: Yes | J10: No | K10: 7 | L10: 0 | M10: 0 | N10: 0 | O10: 2 | P10: 2 | Q10: 2 | R10: 1 | S10: 0 | T10: 0 | U10: 0 | V10: 7
A11: 2025 | B11: 1 | C11: Trenitalia | D11: national network | E11: OEBB_SZ_Trenitalia | F11: EC | G11: international | H11: No | I11: No | J11: No | K11: 61 | L11: 0 | M11: 0 | N11: 0 | O11: 2 | P11: 2 | Q11: 2 | R11: 2 | S11: 2 | T11: 2 | U11: 1 | V11: 54
A12: 2025 | B12: 1 | C12: Trenitalia | D12: national network | E12: OEBB_Trenitalia | F12: D | G12: international | H12: No | I12: No | J12: No | K12: 54 | L12: 0 | M12: 0 | N12: 0 | O12: 12 | P12: 10 | Q12: 8 | R12: 5 | S12: 5 | T12: 3 | U12: 0 | V12: 54
A13: 2025 | B13: 1 | C13: Trenitalia | D13: national network | E13: OEBB_Trenitalia | F13: EC | G13: international | H13: No | I13: No | J13: No | K13: 54 | L13: 0 | M13: 4 | N13: 4 | O13: 10 | P13: 8 | Q13: 7 | R13: 6 | S13: 5 | T13: 3 | U13: 1 | V13: 51
... A395: 2025 | B395: 12 | C395: Trenitalia | D395: national network | E395: Trenitalia | F395: REG | G395: international | H395: No | I395: No | J395: No | K395: 5309 | L395: 193 | M395: 71 | N395: 264 | O395: 934 | P395: 511 | Q395: 376 | R395: 145 | S395: 62 | T395: 15 | U395: 0 | V395: 5054
